message_id,sender,message,char_count
1,CBG,"Dear Customer,",14
2,CBG,"We are upgrading our ATMs to enhance your banking experience. As a result, some ATMs may be temporarily unavailable from March 26, 2025. Please use the nearest CBG ATM or our digital channels. We apologize for the inconvenience. CBG...We Stand With You.",253
3,CBG,"Dear Customer,",14
4,CBG,"We are upgrading our ATMs to enhance your banking experience. As a result, some ATMs may be temporarily unavailable from March 26, 2025. Please use the nearest CBG ATM or our digital channels. We apologize for the inconvenience. CBG...We Stand With You.",253
5,CBG,"Dear Customer,",14
6,CBG,"Please note that our updated Tariff Guide takes effect from April 1,2025. Visit our website or call [REDACTED] for enquiries. CBG...We Stand With You.",150
7,CBG,"Dear Customer,",14
8,CBG,"Please note that our updated Tariff Guide takes effect from April 1,2025. Visit our website or call [REDACTED] for enquiries. CBG...We Stand With You.",150
9,CBG,"Dear Customer,",14
10,CBG,Always protect your personal information. Never share your banking details with anyone. Call [REDACTED] or visit any CBG branch if you suspect any fraud. CBG...We Stand With You.,178
11,CBG,"Dear Customer,",14
12,CBG,Always request a complaint number when you lodge a complaint with CBG for easy tracking. CBG...We Stand With You.,113
13,CBG,"Dear Customer,",14
14,CBG,"All CBG branches will be closed to the public on Saturday, April 19, 2025. You may perform your banking transactions on our digital channels. Banking services will resume on Tuesday, April 22, 2025. CBG...We Stand With You.",223
15,CBG,"Dear [REDACTED],",16
16,CBG,"We have missed you! Reconnect now and enjoy E-levy-FREE transactions on our digital channels. Fast, secure banking awaits. Call us on [REDACTED]. CBG...We Stand With You.",170
17,CBG,"Dear Customer,",14
18,CBG,"Due to a scheduled system upgrade, you may experience service disruption with the CBG Mobile App from April 24-28, 2025. Kindly dial *924# to access our services. We apologize for any inconvenience caused. CBG...We Stand With You.",230
19,CBG,"Dear Customer,",14
20,CBG,Transfer money between banks in minutes with ACH Direct Credit Near Real-Time (NRT). Visit any CBG branch nationwide to access this service. CBG...We Stand With You.,165
21,CBG,"Dear Customer,",14
22,CBG,"Due to planned maintenance works, there will be disruptions on our ATMs, mobile App and online channels on Sunday, May 18, 2025, from 12:00am to 4:00am. We apologize for the inconvenience caused. CBG...We Stand With You.",220
23,CBG,"Dear Customer,",14
24,CBG,"Effective July 1, 2025, CBG will no longer offer Saturday banking & Saturday Sika Collect services. Please use our digital channels. Thank you. CBG...We Stand With You.",168
25,CBG,"Dear Customer,",14
26,CBG,Avoid easy-to-guess passwords as your login credentials and change them often. Call [REDACTED] or visit any CBG branch to report suspected fraud. CBG...We Stand With You.,170
27,CBG,"Dear Customer,",14
28,CBG,"Effective July 1, 2025, CBG will no longer offer Saturday banking & Saturday Sika Collect services. Please use our digital channels. Thank you. CBG...We Stand With You.",168
29,CBG,"Dear Customer,",14
30,CBG,"Effective July 1, 2025, CBG will no longer offer Saturday banking & Saturday Sika Collect services. Please use our digital channels. Thank you. CBG...We Stand With You.",168
31,CBG,"Dear Customer,",14
32,CBG,We have extended our banking hours to 6pm on the last working day of every month for GRA tax payments at selected branches. Call [REDACTED] for more inquiries.,159
33,CBG,"Dear Customer,",14
34,CBG,Please be informed that transaction limits on your CBG Mastercard have been revised. Call [REDACTED] for any enquiries. CBG...We Stand With You.,144
35,CBG,"Dear Customer,",14
36,CBG,"Due to planned maintenance works, there may be disruptions on our ATMs, Mobile App and online channels on Sunday, August 24, 2025, from 12am to 3am. We apologize for the inconvenience caused. CBG...We Stand With You",215
37,CBG,"Dear Customer,",14
38,CBG,"Get a CBG Instant Debit Card. Shop, pay & withdraw with ease. Visit any CBG branch or call [REDACTED] for any enquiries. CBG...We Stand With You",144
39,CBG,"Dear Customer,",14
40,CBG,"Due to the funeral rites of the late Asantehemaa, CBG branches in Kumasi will be closed to the public on Thursday, Sept 18, 2025. Banking service will resume on Friday, Sept 19, 2025. Thank you.",194
41,CBG,"Dear Customer,",14
42,CBG,"Foreign currency card transactions will now be processed at BoG's USD exchange rate plus a maximum fee of 7.5%, enjoy seamless international payments with your CBG Mastercard. Call [REDACTED] for details. CBG...We Stand With You.",229
43,CBG,"Dear Customer,",14
44,CBG,"The BoG has introduced stricter sanctions for the issuance of dud cheques. Effective immediately, a charge of 10%, 15%, and 20% of the cheque's face value will apply for the 1st, 2nd, and 3rd offences, respectively. For further enquiries, visit any CBG branch, our website www.cbg.com.gh or call [REDACTED].",307
45,CBG,CBG...We Stand With You,23
46,CBG,"Dear Customer,",14
47,CBG,"Our new tariffs take effect 1st November 2025. For details, visit our website or call [REDACTED]. CBG...We Stand With You.",122
48,CBG,"Dear Customer,",14
49,CBG,"Foreign currency card transactions will now be processed at BoG's USD exchange rate plus a maximum fee of 7.5%, enjoy seamless international payments with your CBG Mastercard. Call [REDACTED] for details. CBG...We Stand With You.",229
50,CBG,"Dear Customer,",14
51,CBG,"Due to a planned system upgrade, there will be disruptions on our ATMs, Mobile App and online channels on Sunday, December 14, 2025, from 12am to 2am. We apologize for the inconvenience. CBG...We Stand With You.",211
52,CBG,"Dear Customer,",14
53,CBG,Enjoy up to 40% off selected items at Electroland when you pay with your CBG Mastercard. Promo runs while stocks last. Don't miss out! CBG...We Stand With You,158
54,CBG,"Dear Customer,",14
55,CBG,Daily transaction limits on our Mastercard have been revised. Visit any CBG branch or call [REDACTED] for more details. CBG...We Stand With You,143
56,CBG,"Dear Customer,",14
57,CBG,Enjoy up to 40% off selected items at Electroland when you pay with your CBG Mastercard. Promo runs while stocks last. Don't miss out! CBG...We Stand With You,158
58,CBG,"Dear Customer,",14
59,CBG,Always use strong passwords and do not share them with others. Report any suspicious account activity on [REDACTED]. CBG...We Stand With You,140
60,CBG,"Dear Customer,",14
61,CBG,FX card transactions now use BOG's USD rate plus up to 7.5% fee. Make international payments with your CBG Mastercard. CBG...We Stand With You,142
62,CBG,"Dear Customer,",14
63,CBG,Always choose the host country's currency when abroad or shopping online. Choosing GHS may incur extra charges. CBG...We Stand With You,135
64,CBG,"Dear Customer,",14
65,CBG,FX card transactions now use BOG's USD rate plus up to 7.5% fee. Make international payments with your CBG Mastercard. CBG...We Stand With You,142
66,CBG,"Dear Customer,",14
67,CBG,"Use your CBG MasterCard at Capitol Restaurant, Electroland & X-Men Ghana to enjoy discounts this Valentine. TnCs Apply. CBG...We Stand With You",143
68,CBG,"Dear Customer,",14
69,CBG,FX card transactions now use BOG's USD rate plus up to 7.5% fee. Make international payments with your CBG Mastercard. CBG...We Stand With You,142
70,CBG,"Dear Customer,",14
71,CBG,"We have updated our tariffs effective March 25, 2026. Kindly visit our website or call [REDACTED] for more. CBG...We Stand With You",131
72,CBG,"Dear Customer,",14
73,CBG,FX card transactions now use BOG's USD rate plus up to 7.5% fee. Make international payments with your CBG Mastercard. CBG...We Stand With You,142
74,CBG,Dear Customer,13
75,CBG,"When paying abroad or online, choose the local currency of the country you are paying in (not GHS) to avoid extra charges. CBG...We Stand With You",146
76,CBG,"Dear Customer,",14
77,CBG,"Your phone is now your bank in your palm. When you lose it, or it is stolen, contact us immediately on [REDACTED]. CBG...We Stand with You",138
78,CBG,"Dear Customer,",14
79,CBG,Enjoy free transfers with GhanaPay. Sign up here: https://ghpaylinkage.apps.cbg.com.gh/. CBG...We Stand With You.,113
80,CBG,"Dear Customer,",14
81,CBG,FX card transactions now use BOG's USD rate plus up to 7.5% fee. Make international payments with your CBG Mastercard. CBG...We Stand With You,142
82,CBG,"Dear Customer,",14
83,CBG,PAPSS is now live on the CBG Mobile App & Retail Internet Banking. Update your CBG Mobile App today to send money across Africa seamlessly.,139
84,CBG,"Dear Customer,",14
85,CBG,FX card transactions now use BOG's USD rate plus up to 7.5% fee. Make international payments with your CBG Mastercard. CBG...We Stand With You,142
86,CBG,"Dear Customer,",14
87,CBG,FX card transactions now use BOG's USD rate plus up to 7.5% fee. Make international payments with your CBG Mastercard. CBG...We Stand With You,142
88,CBG,"Dear Customer,",14
89,CBG,"Send money across Africa with PAPSS on the CBG Mobile App. It is fast, secure and safe. Download or update the app today. CBG...We Stand with You",145
90,CBG,"Dear Customer,",14
91,CBG,Please note that GHIPSS Instant Pay (GIP) charges have been updated. Visit CBG's website to view the revised rates. CBG...We Stand With You,139
92,Made4Me,Never miss out on good deals. Amazing Made4Me bundles await you!,64
93,Made4Me,Dial *530# now to subscribe and enjoy the best value ever!,58
94,Made4Me,Choose your perfect voice or data plan from offers specially Made4U! Dial *530# now for your special Made4Me offers!,116
95,Made4Me,Rush to Made4Me now! Your favourite bundles are back for you to enjoy. Dial *530# and subscribe to enjoy your Made4Me offers!,125
96,Made4Me,Get unbeatable value with Made4Me today.,40
97,Made4Me,Dial *530# now to subscribe and enjoy!,38
98,Made4Me,Never miss out on good deals. Amazing Made4Me bundles await you!,64
99,Made4Me,Dial *530# now to subscribe and enjoy the best value ever!,58
100,Made4Me,Get unbeatable value with Made4Me today.,40
101,Made4Me,Dial *530# now to subscribe and enjoy!,38
102,Made4Me,Made4Me bundles offer you the best Voice and Data plans you deserve! Dial *530# now for your special Made4Me offers!,116
103,Made4Me,"Hi, we noticed you loved your old Made4Me offers, so they?re back just for you! Dial *530# to get the data and voice bundles you prefer!",136
104,Made4Me,Great news! We?ve brought back your favorite Made4Me bundles. Dial *530# to start enjoying them again!,102
105,Made4Me,Get unbeatable value with Made4Me today.,40
106,Made4Me,Dial *530# now to subscribe and enjoy!,38
107,Made4Me,Never miss out on good deals. Amazing Made4Me bundles await you!,64
108,Made4Me,Dial *530# now to subscribe and enjoy the best value ever!,58
109,Made4Me,Spend less and get more value with exclusive Data offers Made4U! Dial *530# now for your special Made4Me offers!,112
110,Made4Me,"Hello, good news! The Made4Me bundles you loved are available again. Dial *530# to get your preferred data and voice offers back.",129
111,Made4Me,Get unbeatable value with Made4Me today.,40
112,Made4Me,Dial *530# now to subscribe and enjoy!,38
113,Made4Me,Never miss out on good deals. Amazing Made4Me bundles await you!,64
114,Made4Me,Dial *530# now to subscribe and enjoy the best value ever!,58
115,Made4Me,Get unbeatable value with Made4Me today.,40
116,Made4Me,Dial *530# now to subscribe and enjoy!,38
117,Made4Me,Never miss out on good deals. Amazing Made4Me bundles await you!,64
118,Made4Me,Dial *530# now to subscribe and enjoy the best value ever!,58
119,Made4Me,Get unbeatable value with Made4Me today.,40
120,Made4Me,Dial *530# now to subscribe and enjoy!,38
121,Made4Me,Made4Me bundles offer you the best Voice and Data plans you deserve! Dial *530# now for your special Made4Me offers!,116
122,Made4Me,"Hello, your favorite Made4Me bundles are back! Enjoy old data and voice offers again. Dial *530# to activate them now!",118
123,Made4Me,Get unbeatable value with Made4Me today.,40
124,Made4Me,Dial *530# now to subscribe and enjoy!,38
125,Made4Me,Never miss out on good deals. Amazing Made4Me bundles await you!,64
126,Made4Me,Dial *530# now to subscribe and enjoy the best value ever!,58
127,Made4Me,Take advantage of the exclusive bundles available to you on Made4Me! Dial *530# now for your special Made4Me offers!,116
128,Made4Me,We?ve restored your favourite offers you loved! The data and voice bundles you love are back. Dial *530# to enjoy them again!,125
129,Made4Me,Get unbeatable value with Made4Me today.,40
130,Made4Me,Dial *530# now to subscribe and enjoy!,38
131,Made4Me,Never miss out on good deals. Amazing Made4Me bundles await you!,64
132,Made4Me,Dial *530# now to subscribe and enjoy the best value ever!,58
133,Made4Me,Loved your old Made4Me offers? They're back for you! Dial *530# to subscribe to your favourite voice and data offers.,117
134,Made4Me,Get unbeatable value with Made4Me today.,40
135,Made4Me,Dial *530# now to subscribe and enjoy!,38
136,Made4Me,Never miss out on good deals. Amazing Made4Me bundles await you!,64
137,Made4Me,Dial *530# now to subscribe and enjoy the best value ever!,58
138,Made4Me,Get unbeatable value with Made4Me today.,40
139,Made4Me,Dial *530# now to subscribe and enjoy!,38
140,Made4Me,Never miss out on good deals. Amazing Made4Me bundles await you!,64
141,Made4Me,Dial *530# now to subscribe and enjoy the best value ever!,58
142,Made4Me,Take advantage of the exclusive bundles available to you on Made4Me! Dial *530# now for your special Made4Me offers!,116
143,Made4Me,Spend less and get more value with exclusive Data offers Made4U! Dial *530# now for your special Made4Me offers!,112
144,Made4Me,"Hello, your preferred bundles are here again! The data and voice offers you love are back for you. Dial *530# and enjoy more value!",131
145,Made4Me,Get unbeatable value with Made4Me today.,40
146,Made4Me,Dial *530# now to subscribe and enjoy!,38
147,Made4Me,Never miss out on good deals. Amazing Made4Me bundles await you!,64
148,Made4Me,Dial *530# now to subscribe and enjoy the best value ever!,58
149,Made4Me,We've noticed your favourite Made4Me offers and brought them back for you. Dial *530# now to subscribe to the bundles you love.,127
150,Made4Me,We selected the best offers for you to enjoy today! Dial *530# now to subscribe and enjoy your Made4Me offers!,110
151,Made4Me,Get unbeatable value with Made4Me today.,40
152,Made4Me,Dial *530# now to subscribe and enjoy!,38
153,Made4Me,Get unbeatable value with Made4Me today.,40
154,Made4Me,Dial *530# now to subscribe and enjoy!,38
155,Made4Me,Made4Me bundles offer you the best Voice and Data plans you deserve! Dial *530# now for your special Made4Me offers!,116
156,Made4Me,Get unbeatable value with Made4Me today.,40
157,Made4Me,Dial *530# now to subscribe and enjoy!,38
158,Made4Me,Never miss out on good deals. Amazing Made4Me bundles await you!,64
159,Made4Me,Dial *530# now to subscribe and enjoy the best value ever!,58
160,Made4Me,Choose your perfect voice or data plan from offers specially Made4U! Dial *530# now for your special Made4Me offers!,116
161,Made4Me,Never miss out on good deals. Amazing Made4Me bundles await you!,64
162,Made4Me,Dial *530# now to subscribe and enjoy the best value ever!,58
163,Made4Me,We selected the best offers for you to enjoy today! Dial *530# now to subscribe and enjoy your Made4Me offers!,110
164,Made4Me,Rush to Made4Me now! Your favourite bundles are back for you to enjoy. Dial *530# and subscribe to enjoy your Made4Me offers!,125
165,Made4Me,Get unbeatable value with Made4Me today.,40
166,Made4Me,Dial *530# now to subscribe and enjoy!,38
167,Made4Me,Never miss out on good deals. Amazing Made4Me bundles await you!,64
168,Made4Me,Dial *530# now to subscribe and enjoy the best value ever!,58
169,Made4Me,Get unbeatable value with Made4Me today.,40
170,Made4Me,Dial *530# now to subscribe and enjoy!,38
171,Made4Me,Made4Me bundles offer you the best Voice and Data plans you deserve! Dial *530# now for your special Made4Me offers!,116
172,Made4Me,"Hi, we noticed you loved your old Made4Me offers, so they?re back just for you! Dial *530# to get the data and voice bundles you prefer!",136
173,Made4Me,Get unbeatable value with Made4Me today.,40
174,Made4Me,Dial *530# now to subscribe and enjoy!,38
175,Made4Me,Great news! We?ve brought back your favorite Made4Me bundles. Dial *530# to start enjoying them again!,102
176,Made4Me,Never miss out on good deals. Amazing Made4Me bundles await you!,64
177,Made4Me,Dial *530# now to subscribe and enjoy the best value ever!,58
178,Made4Me,Choose your perfect voice or data plan from offers specially Made4U! Dial *530# now for your special Made4Me offers!,116
179,Made4Me,Never miss out on good deals. Amazing Made4Me bundles await you!,64
180,Made4Me,Dial *530# now to subscribe and enjoy the best value ever!,58
181,Made4Me,Get unbeatable value with Made4Me today.,40
182,Made4Me,Dial *530# now to subscribe and enjoy!,38
183,Made4Me,Never miss out on good deals. Amazing Made4Me bundles await you!,64
184,Made4Me,Dial *530# now to subscribe and enjoy the best value ever!,58
185,Made4Me,Made4Me bundles offer you the best Voice and Data plans you deserve! Dial *530# now for your special Made4Me offers!,116
186,Made4Me,Get unbeatable value with Made4Me today.,40
187,Made4Me,Dial *530# now to subscribe and enjoy!,38
188,Made4Me,Never miss out on good deals. Amazing Made4Me bundles await you!,64
189,Made4Me,Dial *530# now to subscribe and enjoy the best value ever!,58
190,Made4Me,Get unbeatable value with Made4Me today.,40
191,Made4Me,Dial *530# now to subscribe and enjoy!,38
192,Made4Me,Save big with our Made4Me bundles! Switch to a cost-effective plan now! Dial *530# now for your special Made4Me offers!,119
193,Made4Me,Enjoy your favorite offers once more! Your favourite data and voice bundles are back just for you. Dial *530# to activate them now!,131
194,Made4Me,Get unbeatable value with Made4Me today.,40
195,Made4Me,Dial *530# now to subscribe and enjoy!,38
196,Made4Me,Never miss out on good deals. Amazing Made4Me bundles await you!,64
197,Made4Me,Dial *530# now to subscribe and enjoy the best value ever!,58
198,Made4Me,Take advantage of the exclusive bundles available to you on Made4Me! Dial *530# now for your special Made4Me offers!,116
199,Made4Me,"Hello, your preferred bundles are here again! The data and voice offers you love are back for you. Dial *530# and enjoy more value!",131
200,Made4Me,Get unbeatable value with Made4Me today.,40
201,Made4Me,Dial *530# now to subscribe and enjoy!,38
202,Made4Me,Never miss out on good deals. Amazing Made4Me bundles await you!,64
203,Made4Me,Dial *530# now to subscribe and enjoy the best value ever!,58
204,Made4Me,Get unbeatable value with Made4Me today.,40
205,Made4Me,Dial *530# now to subscribe and enjoy!,38
206,Made4Me,Never miss out on good deals. Amazing Made4Me bundles await you!,64
207,Made4Me,Dial *530# now to subscribe and enjoy the best value ever!,58
208,Made4Me,Get unbeatable value with Made4Me today.,40
209,Made4Me,Dial *530# now to subscribe and enjoy!,38
210,Made4Me,Made4Me bundles offer you the best Voice and Data plans you deserve! Dial *530# now for your special Made4Me offers!,116
211,Made4Me,Get unbeatable value with Made4Me today.,40
212,Made4Me,Dial *530# now to subscribe and enjoy!,38
213,Made4Me,Never miss out on good deals. Amazing Made4Me bundles await you!,64
214,Made4Me,Dial *530# now to subscribe and enjoy the best value ever!,58
215,Made4Me,Get unbeatable value with Made4Me today.,40
216,Made4Me,Dial *530# now to subscribe and enjoy!,38
217,Made4Me,Never miss out on good deals. Amazing Made4Me bundles await you!,64
218,Made4Me,Dial *530# now to subscribe and enjoy the best value ever!,58
219,Made4Me,We selected the best offers for you to enjoy today! Dial *530# now to subscribe and enjoy your Made4Me offers!,110
220,Made4Me,Get unbeatable value with Made4Me today.,40
221,Made4Me,Dial *530# now to subscribe and enjoy!,38
222,Made4Me,Never miss out on good deals. Amazing Made4Me bundles await you!,64
223,Made4Me,Dial *530# now to subscribe and enjoy the best value ever!,58
224,Made4Me,Get unbeatable value with Made4Me today.,40
225,Made4Me,Dial *530# now to subscribe and enjoy!,38
226,Made4Me,Save big with our Made4Me bundles! Switch to a cost-effective plan now! Dial *530# now for your special Made4Me offers!,119
227,Made4Me,"Hi, we noticed you loved your old Made4Me offers, so they?re back just for you! Dial *530# to get the data and voice bundles you prefer!",136
228,Made4Me,Get unbeatable value with Made4Me today.,40
229,Made4Me,Dial *530# now to subscribe and enjoy!,38
230,Made4Me,Great news! We?ve brought back your favorite Made4Me bundles. Dial *530# to start enjoying them again!,102
231,Made4Me,Never miss out on good deals. Amazing Made4Me bundles await you!,64
232,Made4Me,Dial *530# now to subscribe and enjoy the best value ever!,58
233,Made4Me,Take advantage of the exclusive bundles available to you on Made4Me! Dial *530# now for your special Made4Me offers!,116
234,Made4Me,"Hello, good news! The Made4Me bundles you loved are available again. Dial *530# to get your preferred data and voice offers back.",129
235,Made4Me,Get unbeatable value with Made4Me today.,40
236,Made4Me,Dial *530# now to subscribe and enjoy!,38
237,Made4Me,Never miss out on good deals. Amazing Made4Me bundles await you!,64
238,Made4Me,Dial *530# now to subscribe and enjoy the best value ever!,58
239,Made4Me,Never miss out on good deals. Amazing Made4Me bundles await you!,64
240,Made4Me,Dial *530# now to subscribe and enjoy the best value ever!,58
241,Made4Me,Get unbeatable value with Made4Me today.,40
242,Made4Me,Dial *530# now to subscribe and enjoy!,38
243,Stanbic,"Dear [REDACTED],",16
244,Stanbic,"Our digital channels and debit cards will be unavailable Sun 19 Apr, 12:00am-4:30am for a scheduled activity. Prepaid and credit cards remain available. Call [REDACTED] for help.",178
245,Stanbic,"Dear [REDACTED],",16
246,Stanbic,"Ditch the queues! Pay your school fees directly from the Stanbic App in seconds. Tap, Pay, Done! Call [REDACTED] for help.",122
247,Stanbic,"Your Acc [REDACTED] has been credited with GHS 5,450.00 on 28/04/26 09:58:11. Ref : GIP IB TRF GIPS.Balance: GHS 5,450.24. Helpline:[REDACTED]",142
248,Stanbic,"Dear Customer,",14
249,Stanbic,We are glad you chose Stanbic Bank! Your ticket number is D030.,63
250,Stanbic,#ItCanBe,8
251,Stanbic,"Your Acc [REDACTED] has been debited with GHS 5,400.00 on 28/04/26 12:03:21. Ref : [REDACTED] AM.Balance: GHS 50.24. Helpline:[REDACTED]",136
252,Stanbic,"Dear Customer,",14
253,Stanbic,We are glad you chose Stanbic Bank! Click on link below to view service receipt.,80
254,Stanbic,https://eva.stanbic.com.gh/s2/FileServices/File/view?sourceCode=paperless&documenttype=paperless&filename=SRVS[REDACTED].pdf,124
255,Stanbic,#ItCanBe,8
256,Stanbic,"Dear Customer,",14
257,Stanbic,We appreciate your visit to our branch. Please provide us with feedback to help us improve. It only takes a minute of your day! Tap the link to share your experience:,166
258,Stanbic,https://qms.stanbic.com.gh/FeedbackGateway/Feedback/App/index.html?r=59A8A73CD7344B978A2F581245CB5A8F,101
259,Stanbic,"Dear [REDACTED],",16
260,Stanbic,Always verify your beneficiary's banking details before making a payment. Need help? Call [REDACTED],100
261,Stanbic,"Dear [REDACTED],",16
262,Stanbic,"Ayekoo! To the hands, hearts and minds driving Ghana's growth. Stanbic Bank, your trusted financial partner, wishes you a Happy Workers' Day.",141
263,Stanbic,"Your Acc [REDACTED] has been credited with GHS 5,000.00 on 09/05/26 16:08:03. Ref : GIP IB TRF GIPS.Balance: GHS 5,050.25. Helpline:[REDACTED]",142
264,Stanbic,"Your Acc [REDACTED] has been debited with GHS 200.00 on 11/05/26 21:52:23. Ref : B2W VODAFONE WA.Balance: GHS 4,850.25. Helpline:[REDACTED]",139
265,Stanbic,"Dear [REDACTED], From balance checks to secure payments, there's a lot to discover on our digital platforms. Just dial *715#, or logon to our app. Call [REDACTED] for help.",172
266,Stanbic,"Dear Customer,",14
267,Stanbic,We are glad you chose Stanbic Bank! Your ticket number is D014.,63
268,Stanbic,#ItCanBe,8
269,Stanbic,"Your Acc [REDACTED] has been debited with GHS 4,000.00 on 12/05/26 10:27:51. Ref : ATM SBG KNUST1.Balance: GHS 850.25. Helpline:[REDACTED]",138
270,Stanbic,"Dear Customer,",14
271,Stanbic,We appreciate your visit to our branch. Please provide us with feedback to help us improve. It only takes a minute of your day! Tap the link to share your experience:,166
272,Stanbic,https://qms.stanbic.com.gh/FeedbackGateway/Feedback/App/index.html?r=E474AFA2EC604A6EBC5183D360C71B6A,101
273,Stanbic,Your Acc [REDACTED] has been debited with GHS 800.00 on 12/05/26 10:29:24. Ref : ATM SBG KNUST1.Balance: GHS 50.25. Helpline:[REDACTED],135
274,Stanbic,"Dear [REDACTED],",16
275,Stanbic,"Never share your OTP/PIN with anyone, even if they claim to be from the bank. Need help? Call [REDACTED]",104
276,Stanbic,Stanbic Bank Ghana: Your OTP for viewing your Debit Card Number is [REDACTED]. Help: [REDACTED],95
277,Stanbic,"Dear [REDACTED],",16
278,Stanbic,Bank2Wallet and Wallet2Bank transfers on *170# are temporarily unavailable. Please use our Mobile App or GhanaPay while we restore the service. Call [REDACTED] for help.,169
279,Stanbic,"Dear [REDACTED],",16
280,Stanbic,"The Stanbic App will be unavailable for scheduled maintenance from Sat 16 May, 10:00pm to Sun 17 May, 4:30am. USSD and our Online banking will also be offline on Sun 17 May from 12:00am to 4:30am. Our ATMs, Debit, Credit and Prepaid Cards remain available. Need help? Call [REDACTED]",283
281,Stanbic,"A reserved purchase of GHS 12.00, AccNr: [REDACTED] has been completed via POS SPOTIFY AB on 15/05/26 20:09:38.Balance:GHS 23.25.Help:[REDACTED]",144
282,Stanbic,"Dear [REDACTED],",16
283,Stanbic,"The Stanbic App will be unavailable for scheduled maintenance this evening from 10:00pm to Sun 17 May, 4:30am. USSD and Online Banking will also be unavailable from 12:00am to 4:30am on Sun 17 May. ATMs, Debit, Credit and Prepaid Cards will remain available during this period. Need help? Call [REDACTED]",304
284,Stanbic,"Dear [REDACTED],",16
285,Stanbic,"Get these done in one place and keep track easily: Mobile Money transfers, TV subscriptions, electricity and water bill payments, and more - all on the Stanbic App. Try it now. Need help? Call [REDACTED]",203
286,Stanbic,"Dear [REDACTED],",16
287,Stanbic,"As we celebrate this sacred season of faith and gratitude, we wish our Muslim brothers and sisters Eid Mubarak filled with Allah's generous blessings. May your sacrifices be accepted, your prayers answered, and your home filled with peace. With warm wishes, Stanbic Bank Ghana.",277
288,Stanbic,"Dear [REDACTED],",16
289,Stanbic,"Shop in-store and pay with your Stanbic Card or MoMo on POS to enjoy 20% discount on all items on Saturday, 30th May, from 4pm to 9pm across all Decathlon stores. Call [REDACTED] for more information.",200
290,Stanbic,"Dear [REDACTED],",16
291,Stanbic,"We have revised our Pricing Guide for services, effective 22 June 2026. Please visit our website or your nearest branch for more details. Thank you for your continued partnership and support.",191
292,Stanbic,"Dear [REDACTED],",16
293,Stanbic,"The Stanbic App will be temporarily down'for scheduled maintenance from Sat 6 June, 10:00pm to Sun 7 June, 3:00am. USSD and online banking will also be offline on Sun 7 June from 12:00am to 3:00am. Our ATMs, Debit, Credit and Prepaid Cards will be available. Need help' Call [REDACTED]",285
294,Stanbic,"Dear [REDACTED],",16
295,Stanbic,"The Stanbic App will be temporarily down for scheduled maintenance today Sat 6 June, 10:00pm until Sun 7 June, 3:00am. USSD and online banking will also be offline on Sun 7 June from 12:00am to 3:00am. Our ATMs, Debit, Credit and Prepaid Cards will be available. Need help? Call [REDACTED]",289
296,Stanbic,"Dear [REDACTED],",16
297,Stanbic,"Move your money to Stanbic accounts, other bank accounts, and MoMo wallets in seconds from the Stanbic App - anytime, anywhere. No more branch visits, no queues, no stress! Try it today. Call [REDACTED] for support.",215
298,Stanbic,"Dear [REDACTED],",16
299,Stanbic,Forgot your card? No problem. Use Instant Cash on the Stanbic App to withdraw cash at any Stanbic ATM. Tap Transact > Transfer > Instant Cash > Generate Token and cash out at the ATM. Call [REDACTED] for help.,209
300,Stanbic,"Dear [REDACTED],",16
301,Stanbic,"This football season, earn as you spend. Enjoy 5% cashback at Shoprite & Decathlon as well as up to 10% discount at Hisense for non-TV appliances. Shop now and let your Stanbic Visa Card help you Bank the Moment. Valid till 31st July. Visit our website for more. T&Cs apply.",274
302,Stanbic,"Dear [REDACTED],",16
303,Stanbic,"Today, we celebrate every father, the real OGs, always showing up, always giving, and expecting nothing in return. Thank you for your many sacrifices. Happy Fathers' Day.",170
304,Stanbic,"Your Acc [REDACTED] has been credited with GHS 1,000.00 on 25/06/26 21:37:38. Ref : GIP IB TRF tham.Balance: GHS 1,003.49. Helpline:[REDACTED]",142
305,Stanbic,Your Acc [REDACTED] has been debited with GHS 400.00 on 25/06/26 21:49:18. Ref : B2W VODAFONE WA.Balance: GHS 603.49. Helpline:[REDACTED],137
306,Stanbic,"Dear [REDACTED],",16
307,Stanbic,Don't miss out! Get 5% cashback'when you pay with your Stanbic card at Shoprite & Decathlon. Get 5-10% cashback'when you pay with your Stanbic card at Hisense. Valid until end of July. Visit our website or call [REDACTED] for more.,231
308,Stanbic,"Dear [REDACTED],",16
309,Stanbic,"Don't miss out! Get 5% cashback when you pay for shopping over GHS 500 and GHS 1,200 with your Stanbic card at Shoprite & Decathlon respectively. Valid until end of July. Visit our website or call [REDACTED] for more.",217
310,Stanbic,Your Acc [REDACTED] has been debited with GHS 10.00 on 27/06/26 14:45:59. Ref : B2W VODAFONE WA.Balance: GHS 593.49. Helpline:[REDACTED],136
311,Stanbic,Your Acc [REDACTED] has been debited with GHS 260.00 on 27/06/26 18:05:49. Ref : B2W VODAFONE WA.Balance: GHS 333.49. Helpline:[REDACTED],137
312,Stanbic,"A reserved purchase of GHS 12.00, AccNr: [REDACTED] has been completed via POS Spotify on 27/06/26 20:08:08.Balance:GHS 7,221.49.Help:[REDACTED]",144
313,Stanbic,Your OTP for Mobile Money is [REDACTED]. Help: [REDACTED]. STANBIC BANK,71
314,Stanbic,"Your Acc [REDACTED] has been debited with GHS 31.00 on 27/06/26 20:11:06. Ref : M[REDACTED].Balance: GHS 7,190.49. Helpline:[REDACTED]",134
315,Stanbic,"Your Acc [REDACTED] has been debited with GHS 4,000.00 on 28/06/26 16:31:09. Ref : ATM SBG KNUST1.Balance: GHS 3,189.99. Helpline:[REDACTED]",140
316,Stanbic,"Your Acc [REDACTED] has been debited with GHS 2,900.00 on 28/06/26 16:33:04. Ref : ATM SBG KNUST1.Balance: GHS 289.99. Helpline:[REDACTED]",138
317,Stanbic,"Dear [REDACTED], due to heavy rains and flooding across Accra, some branches may open late today. Our West Hills Mall, Kasoa, Tema Fishing Harbour and Graphic Road branches will remain closed. For your convenience, please use the Stanbic App, Online Banking, or nearby ATMs. We sincerely apologise for the inconvenience and appreciate your understanding. Please be safe!",370
318,UPDATE,"Dear [REDACTED], we hope you and your loved ones are safe. If you are travelling, please take extra care and avoid flood-prone areas. Due to flooding in parts of Accra, all our branches will close at 2pm today to ensure the safety of our customers and staff. For your banking needs, please use the Stanbic App, Online Banking, our ATMs, or the Voice Branch on [REDACTED]. We apologise for any inconvenience. Please stay safe.",425
319,UPDATE,"Dear [REDACTED],",16
320,UPDATE,"We hope you and your loved ones are keeping well. We are pleased to inform you that all branches and offices are open and ready to serve you today, 30th June 2026, from 8:00am. Our digital channels, including the Stanbic App, Online Banking, Business Online, Enterprise Online, ATMs and *715# remain available. Thank you for your support and partnership. Please stay safe.",372
321,UPDATE,Your Acc [REDACTED] has been debited with GHS 20.00 on 30/06/26 17:33:03. Ref : B2W VODAFONE WA.Balance: GHS 257.96. Helpline:[REDACTED],136
322,UPDATE,"A reserved purchase of USD 6.99, AccNr: [REDACTED] has been completed via POS APPLE COM BILL on 01/07/26 02:11:16.Balance:GHS 172.79.Help:[REDACTED]",148
323,UPDATE,Stanbic Bank Ghana: Your OTP for Adding Beneficiary is [REDACTED]. Help: [REDACTED],83
324,UPDATE,Beneficiary detail(s) for: [REDACTED] has been added on your Internet Banking profile on 01/07/26 23:51:34. Helpline: [REDACTED],128
325,UPDATE,"A reserved purchase of GHS 12.00, AccNr: [REDACTED] has been completed via POS SPOTIFY AB on 01/07/26 23:57:58.Balance:GHS 160.79.Help:[REDACTED]",145
326,UPDATE,Your Acc [REDACTED] has been debited with GHS 60.00 on 03/07/26 10:37:16. Ref : B2W VODAFONE WA.Balance: GHS 100.79. Helpline:[REDACTED],136
327,UPDATE,Your Acc [REDACTED] has been debited with GHS 5.00 on 03/07/26 12:33:06. Ref : B2W VODAFONE WA.Balance: GHS 95.79. Helpline:[REDACTED],134
328,UPDATE,"Dear [REDACTED], I hope you and your family are safe given the recent flooding in Accra. Please be assured that I remain available to provide support for your banking needs and assist with any transactions or enquiries you may have. You can also continue to bank conveniently through our digital channels. Should you require any assistance, I would be happy to help. Warm regards, VERA ODURO AFRIYIE",399
329,UPDATE,Your Acc [REDACTED] has been debited with GHS 23.00 on 03/07/26 18:07:44. Ref : B2W VODAFONE WA.Balance: GHS 72.79. Helpline:[REDACTED],135
330,UPDATE,Your Acc [REDACTED] has been debited with GHS 20.00 on 03/07/26 23:47:00. Ref : B2W VODAFONE WA.Balance: GHS 52.79. Helpline:[REDACTED],135
331,UPDATE,Your Acc [REDACTED] has been debited with GHS 35.00 on 05/07/26 18:59:26. Ref : B2W VODAFONE WA.Balance: GHS 17.79. Helpline:[REDACTED],135
332,UPDATE,Your Acc [REDACTED] has been debited with GHS 15.00 on 07/07/26 17:29:43. Ref : B2W VODAFONE WA.Balance: GHS 2.79. Helpline:[REDACTED],134
333,UPDATE,"Dear [REDACTED],",16
334,UPDATE,Get 5% cashback when you shop and pay with your Stanbic Visa Card at Shoprite or Decathlon from now to July 31. Enjoy discounts from: Bliss Fam Ent - 10%; Niobe Salon & Spa - up to 12.5%; Wardrobe Essentials - up to 20%; and Nespresso - up to 50%. Visit our website or call [REDACTED] for more. T&Cs apply. #BankTheMoment,321
335,UPDATE,"Dear [REDACTED],",16
336,UPDATE,"Please note that our revised Pricing Guide takes effect on 3rd August 2026. For details, please visit our website. Thank you for banking with us.",145
337,UPDATE,"Dear [REDACTED],",16
338,UPDATE,Pay attention to alerts you receive on your account and report strange or suspicious transaction requests immediately on [REDACTED],131
339,UPDATE,"Dear [REDACTED],",16
340,UPDATE,"Our digital platforms may experience intermittent disruptions from 10pm, 18 Jul to 3am, 19 Jul due to a systems update. ATM, Debit & Credit Card services remain available. We apologise for any inconvenience. For help: [REDACTED]",228
341,UPDATE,"Dear [REDACTED],",16
342,UPDATE,"Protect your account. Never enter your Ghana Card details, PIN, OTP, or password on sites opened through random links. Call [REDACTED] for assistance.",150
343,UPDATE,"Your Acc [REDACTED] has been credited with GHS 2,500.00 on 31/07/26 15:20:34. Ref : W2B VODAFONE WA.Balance: GHS 2,502.79. Helpline:[REDACTED]",142
344,UPDATE,Stanbic Bank Ghana: Your OTP for VUSER Login is [REDACTED]. Help: [REDACTED],76
345,UPDATE,Your OTP for VAS Payments is [REDACTED]. Help: [REDACTED]. STANBIC BANK,71
346,UPDATE,"Your Acc [REDACTED] has been debited with GHS 50.00 on 31/07/26 15:42:55. Ref : A[REDACTED].Balance: GHS 2,452.79. Helpline:[REDACTED]",134
347,UPDATE,Stanbic Bank: OTP: [REDACTED] for once-off CNP Payment for USD 187.00. Queries? [REDACTED]/18080 or [REDACTED],110
348,UPDATE,"A reserved purchase of USD 187.00, AccNr: [REDACTED] has been completed via POS UKVI[REDACTED] on 31/07/26 16:58:30.Balance:GHS 102.81.Help:[REDACTED]",150
349,UPDATE,"A reserved purchase of GHS 12.00, AccNr: [REDACTED] has been completed via POS Spotify on 31/07/26 17:46:59.Balance:GHS 90.81.Help:[REDACTED]",141
350,UPDATE,Your Acc [REDACTED] has been debited with GHS 20.00 on 01/08/26 13:55:21. Ref : B2W VODAFONE WA.Balance: GHS 70.85. Helpline:[REDACTED],135
351,UPDATE,Your Acc [REDACTED] has been debited with GHS 30.00 on 01/08/26 20:06:47. Ref : B2W VODAFONE WA.Balance: GHS 40.85. Helpline:[REDACTED],135
352,UPDATE,"A reserved purchase of GHS 12.00, AccNr: [REDACTED] has been completed via POS Spotify on 01/08/26 23:58:07.Balance:GHS 28.85.Help:[REDACTED]",141
353,UPDATE,"Dear [REDACTED],",16
354,UPDATE,"All services will be UNAVAILABLE on Sunday Aug 9, 2026, from 1:00am to 3:00am due to scheduled maintenance. We apologize for any inconvenience. Helpline: [REDACTED]",164
355,UPDATE,"Dear [REDACTED],",16
356,UPDATE,"Transacting with China just got smarter. Introducing CIPS - a faster, more efficient way to make and receive payments in Chinese Yuan (CNY). Whether you're an individual or a business, Stanbic Bank gives you direct access to China. Visit any Stanbic branch or call [REDACTED] to learn more.",290
357,UPDATE,"Your Acc [REDACTED] has been credited with GHS 9,500.00 on 11/08/26 23:51:27. Ref : GIP IB TRF GIPS.Balance: GHS 9,528.85. Helpline:[REDACTED]",142
358,UPDATE,"Dear [REDACTED],",16
359,UPDATE,Pay attention to alerts you receive on your account and report strange or suspicious transaction requests immediately on [REDACTED],131
360,UPDATE,Stanbic Bank Ghana: Your OTP for Adding Beneficiary is [REDACTED]. Help: [REDACTED],83
361,UPDATE,Beneficiary detail(s) for: ST THERESAH HOSTEL LTD has been added on your Internet Banking profile on 12/08/26 14:51:57. Helpline: [REDACTED],140
362,UPDATE,Your Acc [REDACTED] has been debited with GHS 20.00 on 12/08/26 14:57:41. Ref : FEE:INSTANT PAY.Balance: GHS 8.85. Helpline:[REDACTED],134
363,UPDATE,"Your Acc [REDACTED] has been debited with GHS 9,500.00 on 12/08/26 14:57:40. Ref : [REDACTED] AM.Balance: GHS 28.85. Helpline:[REDACTED]",136
364,UPDATE,"Your Acc [REDACTED] has been credited with GHS 9,500.00 on 12/08/26 16:30:38. Ref : GIP IB TRF GIPS.Balance: GHS 9,508.85. Helpline:[REDACTED]",142
365,UPDATE,"Your Acc [REDACTED] has been debited with GHS 15.00 on 12/08/26 23:32:50. Ref : B2W VODAFONE WA.Balance: GHS 9,493.85. Helpline:[REDACTED]",138
366,UPDATE,Your OTP for Mobile Money is [REDACTED]. Help: [REDACTED]. STANBIC BANK,71
367,UPDATE,"Your Acc [REDACTED] has been debited with GHS 14.00 on 12/08/26 23:44:25. Ref : M[REDACTED].Balance: GHS 9,479.85. Helpline:[REDACTED]",134
368,UPDATE,Stanbic Bank Ghana: Your OTP for EAP Limits is [REDACTED]. Help: [REDACTED],75
369,UPDATE,Your OTP for Mobile Money is [REDACTED]. Help: [REDACTED]. STANBIC BANK,71
370,UPDATE,Stanbic Bank Ghana: Your OTP for EAP Limits is [REDACTED]. Help: [REDACTED],75
371,UPDATE,Your OTP for Mobile Money is [REDACTED]. Help: [REDACTED]. STANBIC BANK,71
372,UPDATE,Your OTP for Mobile Money is [REDACTED]. Help: [REDACTED]. STANBIC BANK,71
373,UPDATE,Stanbic Bank Ghana: Your OTP for Once-Off Payment is [REDACTED]. Help: [REDACTED],81
374,UPDATE,Stanbic Bank Ghana: Your OTP for Adding Beneficiary is [REDACTED]. Help: [REDACTED],83
375,UPDATE,Beneficiary detail(s) for: ST THERESAH (EXECUTIVE) HOSTEL LTD has been added on your Internet Banking profile on 13/08/26 02:43:01. Helpline: [REDACTED],152
376,UPDATE,Your OTP for Mobile Money is [REDACTED]. Help: [REDACTED]. STANBIC BANK,71
377,UPDATE,"Your Acc [REDACTED] has been debited with GHS 9,470.00 on 13/08/26 02:47:53. Ref : M[REDACTED].Balance: GHS 9.35. Helpline:[REDACTED]",133
378,UPDATE,"Your Acc [REDACTED] has been credited with GHS 9,470.00 on 13/08/26 02:47:54. Ref : REV: M[REDACTED].Balance: GHS 9,479.35. Helpline:[REDACTED]",143
379,UPDATE,"Your Acc [REDACTED] has been credited with GHS 30.00 on 13/08/26 12:16:12. Ref : W2B VODAFONE WA.Balance: GHS 9,509.35. Helpline:[REDACTED]",139
380,UPDATE,Stanbic Bank Ghana: Your OTP for Adding Beneficiary is [REDACTED]. Help: [REDACTED],83
381,UPDATE,Beneficiary detail(s) for: ALFRED [REDACTED] has been added on your Internet Banking profile on 13/08/26 12:27:59. Helpline: [REDACTED],135
382,UPDATE,"Your Acc [REDACTED] has been credited with GHS 30.00 on 13/08/26 12:44:18. Ref : W2B VODAFONE WA.Balance: GHS 9,539.35. Helpline:[REDACTED]",139
383,UPDATE,"Your Acc [REDACTED] has been debited with GHS 30.00 on 13/08/26 12:49:23. Ref : FEE - RTGENT.Balance: GHS 9,509.35. Helpline:[REDACTED]",135
384,UPDATE,"Your Acc [REDACTED] has been debited with GHS 9,500.00 on 13/08/26 12:49:24. Ref : RTGS PMT 184116.Balance: GHS 9.35. Helpline:[REDACTED]",137
385,T Business,Keep the Easter fun going without missing a thing. Enjoy great data deals for all your browsing and streaming. Just dial *5959# and select the Easter Holiday Offer!,164
386,T Business,Keep the Easter fun going without missing a thing. Enjoy great data deals for all your browsing and streaming. Just dial *5959# and select the Easter Holiday Offer!,164
387,T Business,Keep the Easter fun going without missing a thing. Enjoy great data deals for all your browsing and streaming. Just dial *5959# and select the Easter Holiday Offer!,164
388,T Business,Keep the Easter fun going without missing a thing. Enjoy great data deals for all your browsing and streaming. Just dial *5959# and select the Easter Holiday Offer!,164
389,T Business,GAIN 30 mins to call Telecel contacts and 200MB to browse FREE valid for 2 days when you recharge GHS 11 or more this and every other week.,139
390,T Business,GAIN 150MB valid for 2 days to browse FREE when you recharge GHS 4 or more this and every other week.,101
391,T Business,HURRAY!! You have received 150MB to browse FREE for recharging with more than GHS 4 this week. Keep on recharging to unlock more WEEKLY rewards.,144
392,T Business,GAIN 150MB valid for 2 days to browse FREE when you recharge GHS 4 or more this and every other week.,101
393,T Business,HURRAY!! You have received 150MB to browse FREE for recharging with more than GHS 4 this week. Keep on recharging to unlock more WEEKLY rewards.,144
394,T Business,GAIN 150MB valid for 2 days to browse FREE when you recharge GHS 4 or more this and every other week.,101
395,T Business,GAIN 150MB valid for 2 days to browse FREE when you recharge GHS 4 or more this and every other week.,101
396,T Business,"Enjoy safe and secure fund transfers, exclusive discounts, and seamless payments when you use Telecel Cash. Reconnect now by dialing *110# and choosing option 1",160
397,T Business,"Enjoy safe and secure fund transfers, exclusive discounts, and seamless payments when you use Telecel Cash. Reconnect now by dialing *110# and choosing option 1",160
398,T Business,"Enjoy safe and secure fund transfers, exclusive discounts, and seamless payments when you use Telecel Cash. Reconnect now by dialing *110# and choosing option 1",160
399,T Business,"Enjoy safe and secure fund transfers, exclusive discounts, and seamless payments when you use Telecel Cash. Reconnect now by dialing *110# and choosing option 1",160
400,T Business,"Enjoy safe and secure fund transfers, exclusive discounts, and seamless payments when you use Telecel Cash. Reconnect now by dialing *110# and choosing option 1",160
401,T Business,"Enjoy safe and secure fund transfers, exclusive discounts, and seamless payments when you use Telecel Cash. Reconnect now by dialing *110# and choosing option 1",160
402,T Business,"Enjoy safe and secure fund transfers, exclusive discounts, and seamless payments when you use Telecel Cash. Reconnect now by dialing *110# and choosing option 1",160
403,T Business,"Enjoy safe and secure fund transfers, exclusive discounts, and seamless payments when you use Telecel Cash. Reconnect now by dialing *110# and choosing option 1",160
404,T Business,"Enjoy safe and secure fund transfers, exclusive discounts, and seamless payments when you use Telecel Cash. Reconnect now by dialing *110# and choosing option 1",160
405,T Business,"Enjoy safe and secure fund transfers, exclusive discounts, and seamless payments when you use Telecel Cash. Reconnect now by dialing *110# and choosing option 3",160
406,T Business,"Enjoy safe and secure fund transfers, exclusive discounts, and seamless payments when you use Telecel Cash. Reconnect now by dialing *110# and choosing option 1",160
407,T Business,"Enjoy safe and secure fund transfers, exclusive discounts, and seamless payments when you use Telecel Cash. Reconnect now by dialing *110# and choosing option 3",160
408,T Business,"Enjoy safe and secure fund transfers, exclusive discounts, and seamless payments when you use Telecel Cash. Reconnect now by dialing *110# and choosing option 1",160
409,T Business,"Enjoy safe and secure fund transfers, exclusive discounts, and seamless payments when you use Telecel Cash. Reconnect now by dialing *110# and choosing option 3",160
410,T Business,"Enjoy safe and secure fund transfers, exclusive discounts, and seamless payments when you use Telecel Cash. Reconnect now by dialing *110# and choosing option 1",160
411,T Business,"Enjoy safe and secure fund transfers, exclusive discounts, and seamless payments when you use Telecel Cash. Reconnect now by dialing *110# and choosing option 3",160
412,T Business,"Enjoy safe and secure fund transfers, exclusive discounts, and seamless payments when you use Telecel Cash. Reconnect now by dialing *110# and choosing option 1",160
413,T Business,"Enjoy safe and secure fund transfers, exclusive discounts, and seamless payments when you use Telecel Cash. Reconnect now by dialing *110# and choosing option 3",160
414,T Business,"Enjoy safe and secure fund transfers, exclusive discounts, and seamless payments when you use Telecel Cash. Reconnect now by dialing *110# and choosing option 1",160
415,T Business,"Enjoy safe and secure fund transfers, exclusive discounts, and seamless payments when you use Telecel Cash. Reconnect now by dialing *110# and choosing option 3",160
416,T Business,"Enjoy safe and secure fund transfers, exclusive discounts, and seamless payments when you use Telecel Cash. Reconnect now by dialing *110# and choosing option 1",160
417,T Business,"Enjoy safe and secure fund transfers, exclusive discounts, and seamless payments when you use Telecel Cash. Reconnect now by dialing *110# and choosing option 4",160
418,T Business,"Enjoy safe and secure fund transfers, exclusive discounts, and seamless payments when you use Telecel Cash. Reconnect now by dialing *110# and choosing option 3",160
419,T Business,"Enjoy safe and secure fund transfers, exclusive discounts, and seamless payments when you use Telecel Cash. Reconnect now by dialing *110# and choosing option 1",160
420,T Business,"Enjoy safe and secure fund transfers, exclusive discounts, and seamless payments when you use Telecel Cash. Reconnect now by dialing *110# and choosing option 3",160
421,T Business,"Enjoy safe and secure fund transfers, exclusive discounts, and seamless payments when you use Telecel Cash. Reconnect now by dialing *110# and choosing option 1",160
422,T Business,"Enjoy safe and secure fund transfers, exclusive discounts, and seamless payments when you use Telecel Cash. Reconnect now by dialing *110# and choosing option 4",160
423,T Business,"Enjoy safe and secure fund transfers, exclusive discounts, and seamless payments when you use Telecel Cash. Reconnect now by dialing *110# and choosing option 4",160
424,T Business,"Enjoy safe and secure fund transfers, exclusive discounts, and seamless payments when you use Telecel Cash. Reconnect now by dialing *110# and choosing option 3",160
425,T Business,"Enjoy safe and secure fund transfers, exclusive discounts, and seamless payments when you use Telecel Cash. Reconnect now by dialing *110# and choosing option 1",160
426,T Business,"Enjoy safe and secure fund transfers, exclusive discounts, and seamless payments when you use Telecel Cash. Reconnect now by dialing *110# and choosing option 4",160
427,T Business,"Enjoy safe and secure fund transfers, exclusive discounts, and seamless payments when you use Telecel Cash. Reconnect now by dialing *110# and choosing option 3",160
428,T Business,"Enjoy safe and secure fund transfers, exclusive discounts, and seamless payments when you use Telecel Cash. Reconnect now by dialing *110# and choosing option 4",160
429,T Business,"Enjoy safe and secure fund transfers, exclusive discounts, and seamless payments when you use Telecel Cash. Reconnect now by dialing *110# and choosing option 3",160
430,T Business,"Enjoy safe and secure fund transfers, exclusive discounts, and seamless payments when you use Telecel Cash. Reconnect now by dialing *110# and choosing option 4",160
431,T Business,"Enjoy safe and secure fund transfers, exclusive discounts, and seamless payments when you use Telecel Cash. Reconnect now by dialing *110# and choosing option 4",160
432,T Business,"Enjoy safe and secure fund transfers, exclusive discounts, and seamless payments when you use Telecel Cash. Reconnect now by dialing *110# and choosing option 1",160
433,T Business,"Enjoy safe and secure fund transfers, exclusive discounts, and seamless payments when you use Telecel Cash. Reconnect now by dialing *110# and choosing option 4",160
434,T Business,"Enjoy safe and secure fund transfers, exclusive discounts, and seamless payments when you use Telecel Cash. Reconnect now by dialing *110# and choosing option 4",160
435,T Business,"Enjoy safe and secure fund transfers, exclusive discounts, and seamless payments when you use Telecel Cash. Reconnect now by dialing *110# and choosing option 1",160
436,T Business,"Enjoy safe and secure fund transfers, exclusive discounts, and seamless payments when you use Telecel Cash. Reconnect now by dialing *110# and choosing option 1",160
437,T Business,"Enjoy safe and secure fund transfers, exclusive discounts, and seamless payments when you use Telecel Cash. Reconnect now by dialing *110# and choosing option 1",160
438,T Business,"Enjoy safe and secure fund transfers, exclusive discounts, and seamless payments when you use Telecel Cash. Reconnect now by dialing *110# and choosing option 1",160
439,MTN-Just4u,You have successfully purchased 1.5 GB 7 day pack at GHc4. For more offers dial *141# or *171# or visit MyMTN app https://mymtn.onelink.me/cB5t/MTN4G9,150
440,MTN-Just4u,You have successfully purchased 1.5 GB 7 day pack at GHc4. For more offers dial *141# or *171# or visit MyMTN app https://mymtn.onelink.me/cB5t/MTN4G9,150
441,MTN-Just4u,Yello Thursday Alert! Grab 500MB for GHc1.5 this Thursday! Visit the Just4U page on myMTN App. Click: https://mymtn.onelink.me/cB5t/MTN4G8 to enjoy now!,152
442,MTN-Just4u,You have successfully purchased 1.5 GB 7 day pack at GHc4. For more offers dial *141# or *171# or visit MyMTN app https://mymtn.onelink.me/cB5t/MTN4G9,150
443,MTN-Just4u,You have successfully purchased 1.5 GB 7 day pack at GHc4. For more offers dial *141# or *171# or visit MyMTN app https://mymtn.onelink.me/cB5t/MTN4G9,150
444,MTN-Just4u,You have successfully purchased 1.7GB 1 day pack at GHc6. For more offers dial *141# or visit MyMTN app https://mymtn.onelink.me/cB5t/MTN4G9,140
445,MTN-Just4u,You have successfully purchased 1.7GB 1 day pack at GHc6. For more offers dial *141# or visit MyMTN app https://mymtn.onelink.me/cB5t/MTN4G9,140
446,MTN-Just4u,You have successfully purchased 1.5 GB 7 day pack at GHc4. For more offers dial *141# or *171# or visit MyMTN app https://mymtn.onelink.me/cB5t/MTN4G9,150
447,MTN-Just4u,Yello Thursday Alert! Don't miss out on 4.7GB for just GHc15. Visit the Just4U page on myMTN App. Click: https://mymtn.onelink.me/cB5t/MTN4G8 to get started.,157
448,MTN-Just4u,You have successfully purchased 1.5 GB 7 day pack at GHc4. For more offers dial *141# or *171# or visit MyMTN app https://mymtn.onelink.me/cB5t/MTN4G9,150
449,MTN-Just4u,You have successfully purchased 1.5 GB 7 day pack at GHc4. For more offers dial *141# or *171# or visit MyMTN app https://mymtn.onelink.me/cB5t/MTN4G9,150
450,MTN-Just4u,You have successfully purchased 1.5 GB 7 day pack at GHc4. For more offers dial *141# or *171# or visit MyMTN app https://mymtn.onelink.me/cB5t/MTN4G9,150
451,MTN-Just4u,You have successfully purchased 1.5 GB 7 day pack at GHc4. For more offers dial *141# or *171# or visit MyMTN app https://mymtn.onelink.me/cB5t/MTN4G9,150
452,MTN-Just4u,You have successfully purchased 1.5 GB 7 day pack at GHc4. For more offers dial *141# or *171# or visit MyMTN app https://mymtn.onelink.me/cB5t/MTN4G9,150
453,MTN-Just4u,Yello Thursday Alert! Don't miss out on 4.7GB for just GHc15. Visit the Just4U page on myMTN App. Click: https://mymtn.onelink.me/cB5t/MTN4G8 to get started.,157
454,MTN-Just4u,You have successfully purchased 1.5 GB 7 day pack at GHc4. For more offers dial *141# or *171# or visit MyMTN app https://mymtn.onelink.me/cB5t/MTN4G9,150
455,MTN-Just4u,You have successfully purchased 1.5 GB 7 day pack at GHc4. For more offers dial *141# or *171# or visit MyMTN app https://mymtn.onelink.me/cB5t/MTN4G9,150
456,MTN-Just4u,You have successfully purchased 1.5 GB 7 day pack at GHc4. For more offers dial *141# or *171# or visit MyMTN app https://mymtn.onelink.me/cB5t/MTN4G9,150
457,MTN-Just4u,You have successfully purchased 1.5 GB 7 day pack at GHc4. For more offers dial *141# or *171# or visit MyMTN app https://mymtn.onelink.me/cB5t/MTN4G9,150
458,MTN-Just4u,You have successfully purchased 1.5 GB 7 day pack at GHc4. For more offers dial *141# or *171# or visit MyMTN app https://mymtn.onelink.me/cB5t/MTN4G9,150
459,MTN-Just4u,Yello Thursday Alert! Don't miss out on 4.7GB for just GHc15. Visit the Just4U page on myMTN App. Click: https://mymtn.onelink.me/cB5t/MTN4G8 to get started.,157
460,MTN-Just4u,You have successfully purchased 1.5 GB 7 day pack at GHc4. For more offers dial *141# or *171# or visit MyMTN app https://mymtn.onelink.me/cB5t/MTN4G9,150
461,MTN-Just4u,Y'ello! Purchase of the requested pack was unsuccessful. Kindly check your balance and try again.,97
462,MTN-Just4u,You have successfully purchased 1.5 GB 7 day pack at GHc4. For more offers dial *141# or *171# or visit MyMTN app https://mymtn.onelink.me/cB5t/MTN4G9,150
463,MTN-Just4u,Y'ello! Purchase of the requested pack was unsuccessful. Kindly check your balance and try again.,97
464,MTN-Just4u,You have successfully purchased 1.5 GB 7 day pack at GHc4. For more offers dial *141# or *171# or visit MyMTN app https://mymtn.onelink.me/cB5t/MTN4G9,150
465,MTN-Just4u,You have successfully purchased 1.5 GB 7 day pack at GHc4. For more offers dial *141# or *171# or visit MyMTN app https://mymtn.onelink.me/cB5t/MTN4G9,150
466,MTN-Just4u,You have successfully purchased 1.5 GB 7 day pack at GHc4. For more offers dial *141# or *171# or visit MyMTN app https://mymtn.onelink.me/cB5t/MTN4G9,150
467,MTN-Just4u,You have successfully purchased 1.5 GB 7 day pack at GHc4. For more offers dial *141# or *171# or visit MyMTN app https://mymtn.onelink.me/cB5t/MTN4G9,150
468,MTN-Just4u,Y'ello! Purchase of the requested pack was unsuccessful. Kindly check your balance and try again.,97
469,MTN-Just4u,Y'ello! Purchase of the requested pack was unsuccessful. Kindly check your balance and try again.,97
470,MTN-Just4u,You have successfully purchased 1.5 GB 7 day pack at GHc4. For more offers dial *141# or *171# or visit MyMTN app https://mymtn.onelink.me/cB5t/MTN4G9,150
471,MTN-Just4u,Yello Thursday Alert! Don't miss out on 4.7GB for just GHc15. Visit the Just4U page on myMTN App. Click: https://mymtn.onelink.me/cB5t/MTN4G8 to get started.,157
472,MTN-Just4u,You have successfully purchased 1.5 GB 7 day pack at GHc4. For more offers dial *141# or *171# or visit MyMTN app https://mymtn.onelink.me/cB5t/MTN4G9,150
473,MTN-Just4u,You have successfully purchased 1.5 GB 7 day pack at GHc4. For more offers dial *141# or *171# or visit MyMTN app https://mymtn.onelink.me/cB5t/MTN4G9,150
474,MTN-Just4u,You have successfully purchased 1.5 GB 7 day pack at GHc4. For more offers dial *141# or *171# or visit MyMTN app https://mymtn.onelink.me/cB5t/MTN4G9,150
475,MTN-Just4u,You have successfully purchased 1.5 GB 7 day pack at GHc4. For more offers dial *141# or *171# or visit MyMTN app https://mymtn.onelink.me/cB5t/MTN4G9,150
476,MTN-Just4u,You have successfully purchased 1.5 GB 7 day pack at GHc4. For more offers dial *141# or *171# or visit MyMTN app https://mymtn.onelink.me/cB5t/MTN4G9,150
477,MTN-Just4u,You have successfully purchased 1.5 GB 7 day pack at GHc4. For more offers dial *141# or *171# or visit MyMTN app https://mymtn.onelink.me/cB5t/MTN4G9,150
478,MTN-Just4u,You have successfully purchased 1.5 GB 7 day pack at GHc4. For more offers dial *141# or *171# or visit MyMTN app https://mymtn.onelink.me/cB5t/MTN4G9,150
479,MTN-Just4u,You have successfully purchased 1.5 GB 7 day pack at GHc4. For more offers dial *141# or *171# or visit MyMTN app https://mymtn.onelink.me/cB5t/MTN4G9,150
480,MTN-Just4u,You have successfully purchased 1.5 GB 7 day pack at GHc4. For more offers dial *141# or *171# or visit MyMTN app https://mymtn.onelink.me/cB5t/MTN4G9,150
481,MTN-Just4u,You have successfully purchased 1.5 GB 7 day pack at GHc4. For more offers dial *141# or *171# or visit MyMTN app https://mymtn.onelink.me/cB5t/MTN4G9,150
482,MTN-Just4u,You have successfully purchased 1.5 GB 7 day pack at GHc4. For more offers dial *141# or *171# or visit MyMTN app https://mymtn.onelink.me/cB5t/MTN4G9,150
483,MTN-Just4u,You have successfully purchased 1.5 GB 7 day pack at GHc4. For more offers dial *141# or *171# or visit MyMTN app https://mymtn.onelink.me/cB5t/MTN4G9,150
484,MTN-Just4u,You have successfully purchased 1.5 GB 7 day pack at GHc4. For more offers dial *141# or *171# or visit MyMTN app https://mymtn.onelink.me/cB5t/MTN4G9,150
485,MTN-Just4u,You have successfully purchased 1.5 GB 7 day pack at GHc4. For more offers dial *141# or *171# or visit MyMTN app https://mymtn.onelink.me/cB5t/MTN4G9,150
486,MTN-Just4u,You have successfully purchased 1.5 GB 7 day pack at GHc4. For more offers dial *141# or *171# or visit MyMTN app https://mymtn.onelink.me/cB5t/MTN4G9,150
487,MTN-Just4u,You have successfully purchased 1.5 GB 7 day pack at GHc4. For more offers dial *141# or *171# or visit MyMTN app https://mymtn.onelink.me/cB5t/MTN4G9,150
488,MTN-Just4u,You have successfully purchased 1.5 GB 7 day pack at GHc4. For more offers dial *141# or *171# or visit MyMTN app https://mymtn.onelink.me/cB5t/MTN4G9,150
489,MTN-Just4u,You have successfully purchased 1.5 GB 7 day pack at GHc4. For more offers dial *141# or *171# or visit MyMTN app https://mymtn.onelink.me/cB5t/MTN4G9,150
490,MTN-Just4u,You have successfully purchased 4.3GB 1 day pack at GHc9. For more offers dial *141# or visit MyMTN app https://mymtn.onelink.me/cB5t/MTN4G9,140
491,MTN-Just4u,Super Deal! Get 1.7GB for 7 days at GHc4. Dial *141# to buy your data pack now or visit myMTN App via https://mymtn.onelink.me/cB5t/MTN4G6,138
492,MTN-Just4u,You have successfully purchased 4.3GB 1 day pack at GHc9. For more offers dial *141# or visit MyMTN app https://mymtn.onelink.me/cB5t/MTN4G9,140
493,MTN-Just4u,Super Deal! Get 1.7GB for 7 days at GHc4. Dial *141# to buy your data pack now or visit myMTN App via https://mymtn.onelink.me/cB5t/MTN4G6,138
494,MTN-Just4u,You have successfully purchased 2.2GB 3 day pack at GHc12. For more offers dial *141# or visit MyMTN app https://mymtn.onelink.me/cB5t/MTN4G9,141
495,MTN-Just4u,You have successfully purchased 2.2GB 3 day pack at GHc12. For more offers dial *141# or visit MyMTN app https://mymtn.onelink.me/cB5t/MTN4G9,141
496,MTN-Just4u,You have successfully purchased 2.2GB 3 day pack at GHc12. For more offers dial *141# or visit MyMTN app https://mymtn.onelink.me/cB5t/MTN4G9,141
497,MTN-Just4u,You have successfully purchased 2.2GB 3 day pack at GHc12. For more offers dial *141# or visit MyMTN app https://mymtn.onelink.me/cB5t/MTN4G9,141
498,MTN-Just4u,Yello Thursday Alert! Grab 5.5GB for GHc18 this Thursday. Visit the Just4U page on myMTN App! Click: https://mymtn.onelink.me/cB5t/MTN4G8 to enjoy now!,151
499,MTN-Just4u,You have successfully purchased 2.4GB 3 day pack at GHc12. For more offers dial *141# or visit MyMTN app https://mymtn.onelink.me/cB5t/MTN4G9,141
500,MTN-Just4u,You have successfully purchased 2.4GB 3 day pack at GHc12. For more offers dial *141# or visit MyMTN app https://mymtn.onelink.me/cB5t/MTN4G9,141
501,MTN-Just4u,Y'ello! Purchase of the requested pack was unsuccessful. Kindly check your balance and try again.,97
502,MTN-Just4u,You have successfully purchased 2.4GB 3 day pack at GHc12. For more offers dial *141# or visit MyMTN app https://mymtn.onelink.me/cB5t/MTN4G9,141
503,MTN-Just4u,You have successfully purchased 2.4GB 3 day pack at GHc12. For more offers dial *141# or visit MyMTN app https://mymtn.onelink.me/cB5t/MTN4G9,141
504,MTN-Just4u,You have successfully purchased 2.4GB 3 day pack at GHc12. For more offers dial *141# or visit MyMTN app https://mymtn.onelink.me/cB5t/MTN4G9,141
505,MTN-Just4u,You have successfully purchased 2.4GB 3 day pack at GHc12. Get More for FREE on MTN Rewards. Dial *550# or Click myMTN via https://mymtn.onelink.me/cB5t/Loyalty?page=loyalty-reward,180
506,MTN-Just4u,Yello Thursday Alert! Grab 5.5GB for GHc18 this Thursday. Visit the Just4U page on myMTN App! Click: https://mymtn.onelink.me/cB5t/MTN4G8 to enjoy now!,151
507,MTN-Just4u,You have successfully purchased 2.4GB 3 day pack at GHc12. Get More for FREE on MTN Rewards. Dial *550# or Click myMTN via https://mymtn.onelink.me/cB5t/Loyalty?page=loyalty-reward,180
508,MTN-Just4u,You have successfully purchased 2.4GB 3 day pack at GHc12. Get More for FREE on MTN Rewards. Dial *550# or Click myMTN via https://mymtn.onelink.me/cB5t/Loyalty?page=loyalty-reward,180
509,MTN-Just4u,Y'ello! Purchase of the requested pack was unsuccessful. Kindly check your balance and try again.,97
510,MTN-Just4u,You have successfully purchased 2.4GB 3 day pack at GHc12. Get More for FREE on MTN Rewards. Dial *550# or Click myMTN via https://mymtn.onelink.me/cB5t/Loyalty?page=loyalty-reward,180
511,MTN-Just4u,You have successfully purchased 2.4GB 3 day pack at GHc12. Get More for FREE on MTN Rewards. Dial *550# or Click myMTN via https://mymtn.onelink.me/cB5t/Loyalty?page=loyalty-reward,180
512,MTN-Just4u,You have successfully purchased 2.4GB 3 day pack at GHc12. Get More for FREE on MTN Rewards. Dial *550# or Click myMTN via https://mymtn.onelink.me/cB5t/Loyalty?page=loyalty-reward,180
513,MTN-Just4u,You have successfully purchased 2.4GB 3 day pack at GHc12. Get More for FREE on MTN Rewards. Dial *550# & Select Option 7 or Click myMTN via https://mymtn.onelink.me/cB5t/Loyalty?page=loyalty-reward,198
514,MTN-Just4u,Yello Thursday Alert! Don't miss out on 4.7GB for just GHc15. Visit the Just4U page on myMTN App. Click: https://mymtn.onelink.me/cB5t/MTN4G8 to get started.,157
515,MTN-Just4u,You have successfully purchased 2.4GB 3 day pack at GHc12. Get More for FREE on MTN Rewards. Dial *550# & Select Option 7 or Click myMTN via https://mymtn.onelink.me/cB5t/Loyalty?page=loyalty-reward,198
516,MTN-Just4u,You have successfully purchased 2.4GB 3 day pack at GHc12. Get More for FREE on MTN Rewards. Dial *550# & Select Option 7 or Click myMTN via https://mymtn.onelink.me/cB5t/Loyalty?page=loyalty-reward,198
517,MTN-Just4u,You have successfully purchased 2.4GB 3 day pack at GHc12. Get More for FREE on MTN Rewards. Dial *550# & Select Option 7 or Click myMTN via https://mymtn.onelink.me/cB5t/Loyalty?page=loyalty-reward,198
518,MTN-Just4u,You have successfully purchased 2.4GB 3 day pack at GHc12. Get More for FREE on MTN Rewards. Dial *550# & Select Option 7 or Click myMTN via https://mymtn.onelink.me/cB5t/Loyalty?page=loyalty-reward,198
519,MTN-Just4u,You have successfully purchased 2.4GB 3 day pack at GHc12. Get More for FREE on MTN Rewards. Dial *550# & Select Option 7 or Click myMTN via https://mymtn.onelink.me/cB5t/Loyalty?page=loyalty-reward,198
520,MTN-Just4u,You have successfully purchased 2.4GB 3 day pack at GHc12. Get More for FREE on MTN Rewards. Dial *550# & Select Option 7 or Click myMTN via https://mymtn.onelink.me/cB5t/Loyalty?page=loyalty-reward,198
521,MTN-Just4u,You have successfully purchased 2.4GB 3 day pack at GHc12. Get More for FREE on MTN Rewards. Dial *550# & Select Option 7 or Click myMTN via https://mymtn.onelink.me/cB5t/Loyalty?page=loyalty-reward,198
522,MTN-Just4u,You have successfully purchased 1.46GB 15 day pack at GHc9. Get More for FREE on MTN Rewards. Dial *550# & Select Option 7 or Click myMTN via https://mymtn.onelink.me/cB5t/Loyalty?page=loyalty-reward,199
523,MTN-Just4u,You have successfully purchased 1.86GB 1 day pack at GHc11. Get More for FREE on MTN Rewards. Dial *550# & Select Option 7 or Click myMTN via,141
524,MTN-Just4u,https://mymtn.onelink.me/cB5t/Loyalty?page=loyalty-reward,57
525,MTN-Just4u,You have successfully purchased 2.54GB 3 day pack at GHc16. Get More for FREE on MTN Rewards. Dial *550# & Select Option 7 or Click myMTN via https://mymtn.onelink.me/cB5t/Loyalty?page=loyalty-reward,199
526,MTN-Just4u,You have successfully purchased 500MB 1 day pack at GHc2.5. Get More for FREE on MTN Rewards. Dial *550# & Select Option 7 or Click myMTN via,141
527,MTN-Just4u,https://mymtn.onelink.me/cB5t/Loyalty?page=loyalty-reward,57
528,MTN-Just4u,Yello Thursday Alert! Get 500MB for only GHc2.5 this Thursday! Visit the Just4U page on myMTN App.?Click: https://mymtn.onelink.me/cB5t/MTN4G8 now!,147
529,MTN-Just4u,Yello Thursday Alert! Don't miss out on 500MB for just GHc2. Visit the Just4U page on myMTN App. Click: https://mymtn.onelink.me/cB5t/MTN4G8 to get started.,156
530,MTN-Just4u,You have successfully purchased 1.17GB 7 day pack at GHc7. Get More for FREE on MTN Rewards. Dial *550# & Select Option 7 or Click myMTN via https://mymtn.onelink.me/cB5t/Loyalty?page=loyalty-reward,198
531,MTN-Just4u,You have successfully purchased 1.37GB 1 day pack at GHc8. Get More for FREE on MTN Rewards. Dial *550# & Select Option 7 or Click myMTN via,140
532,MTN-Just4u,https://mymtn.onelink.me/cB5t/Loyalty?page=loyalty-reward,57
533,MTN-Just4u,You have successfully purchased 1.37GB 1 day pack at GHc8. Get More for FREE on MTN Rewards. Dial *550# & Select Option 7 or Click myMTN via,140
534,MTN-Just4u,https://mymtn.onelink.me/cB5t/Loyalty?page=loyalty-reward,57
535,MTN-Just4u,You have successfully purchased 1.37GB 1 day pack at GHc8. Get More for FREE on MTN Rewards. Dial *550# & Select Option 7 or Click myMTN via,140
536,MTN-Just4u,https://mymtn.onelink.me/cB5t/Loyalty?page=loyalty-reward,57
537,MTN-Just4u,You have successfully purchased 1.37GB 1 day pack at GHc8. Get More for FREE on MTN Rewards. Dial *550# & Select Option 7 or Click myMTN via,140
538,MTN-Just4u,https://mymtn.onelink.me/cB5t/Loyalty?page=loyalty-reward,57
539,MTN-Just4u,You have successfully purchased 1.37GB 1 day pack at GHc8. Get More for FREE on MTN Rewards. Dial *550# & Select Option 7 or Click myMTN via,140
540,MTN-Just4u,https://mymtn.onelink.me/cB5t/Loyalty?page=loyalty-reward,57
541,MTN-Just4u,You have successfully purchased 2.54GB 1 day pack at GHc15. Get More for FREE on MTN Rewards. Dial *550# & Select Option 7 or Click myMTN via,141
542,MTN-Just4u,https://mymtn.onelink.me/cB5t/Loyalty?page=loyalty-reward,57
543,MTN-Just4u,Yello Thursday Alert! Grab 2.54GB for GHc13 this Thursday. Visit the Just4U page on myMTN App! Click: https://mymtn.onelink.me/cB5t/MTN4G8 to buy now!,150
544,MTN-Just4u,Yello Thursday Alert! Don't miss out on 3.42GB for just GHc17. Visit the Just4U page on myMTN App. Click: https://mymtn.onelink.me/cB5t/MTN4G8 to get started.,158
545,MTN-Just4u,You have successfully purchased 1.46GB 15 day pack at GHc9. Get More for FREE on MTN Rewards. Dial *550# & Select Option 7 or Click myMTN via https://mymtn.onelink.me/cB5t/Loyalty?page=loyalty-reward,199
546,MTN-Just4u,You have successfully purchased 1.46GB 15 day pack at GHc9. Get More for FREE on MTN Rewards. Dial *550# & Select Option 7 or Click myMTN via https://mymtn.onelink.me/cB5t/Loyalty?page=loyalty-reward,199
547,MTN-Just4u,Yello Thursday Alert! Don't miss out on 1.86GB for just GHc9. Visit the Just4U page on myMTN App. Click: https://mymtn.onelink.me/cB5t/MTN4G8 to get started.,157
548,MTN-Just4u,You have successfully purchased 1.37GB 1 day pack at GHc8. Get More for FREE on MTN Rewards. Dial *550# & Select Option 7 or Click myMTN via,140
549,MTN-Just4u,https://mymtn.onelink.me/cB5t/Loyalty?page=loyalty-reward,57
550,MTN-Just4u,You have successfully purchased 1.37GB 1 day pack at GHc8. Get More for FREE on MTN Rewards. Dial *550# & Select Option 7 or Click myMTN via,140
551,MTN-Just4u,https://mymtn.onelink.me/cB5t/Loyalty?page=loyalty-reward,57
552,MTN-Just4u,Yello Thursday Alert! Don't miss out on 1.37GB for just GHc7. Visit the Just4U page on myMTN App. Click: https://mymtn.onelink.me/cB5t/MTN4G8 to get started.,157
553,MTN-Just4u,You have successfully purchased 1.46GB 15 day pack at GHc9. Get More for FREE on MTN Rewards. Dial *550# & Select Option 7 or Click myMTN via https://mymtn.onelink.me/cB5t/Loyalty?page=loyalty-reward,199
554,MTN-Just4u,Yello Thursday Alert! Don't miss out on 1.86GB for just GHc9. Visit the Just4U page on myMTN App. Click: https://mymtn.onelink.me/cB5t/MTN4G8 to get started.,157
555,MTN-Just4u,You have successfully purchased 1.46GB 15 day pack at GHc9. Get More for FREE on MTN Rewards. Dial *550# & Select Option 7 or Click myMTN via https://mymtn.onelink.me/cB5t/Loyalty?page=loyalty-reward,199
556,MTN-Just4u,You have successfully purchased 2.54GB 3 day pack at GHc13. Enjoy more value on bundles from MyMTN App! Visit https://mymtn.onelink.me/cB5t/MTN4G9 now.,151
557,MTN-Just4u,You have successfully purchased 2.54GB 3 day pack at GHc13. Enjoy more value on bundles from MyMTN App! Visit https://mymtn.onelink.me/cB5t/MTN4G9 now.,151
558,MTN-Just4u,You have successfully purchased 2.54GB 3 day pack at GHc13. Enjoy more value on bundles from MyMTN App! Visit https://mymtn.onelink.me/cB5t/MTN4G9 now.,151
559,MTN-Just4u,You have successfully purchased 2.54GB 3 day pack at GHc13. Enjoy more value on bundles from MyMTN App! Visit https://mymtn.onelink.me/cB5t/MTN4G9 now.,151
560,MTN-Just4u,Yello Thursday Alert! Grab 2.54GB for GHc13 this Thursday. Visit the Just4U page on myMTN App! Click: https://mymtn.onelink.me/cB5t/MTN4G8 to buy now!,150
561,MTN-Just4u,Y'ello! Purchase of the requested pack was unsuccessful. Kindly check your balance and try again.,97
562,MTN-Just4u,"You have successfully purchased 1.56GB 7 day pack at GHc10. Dial *530# to check MTN at 30 points & get closer to rewards like Toyota Prado or up to GHC30,000 cash.",163
563,MTN-Just4u,Y'ello! Purchase of the requested pack was unsuccessful. Kindly check your balance and try again.,97
564,MTN-Just4u,Y'ello! Purchase of the requested pack was unsuccessful. Kindly check your balance and try again.,97
565,MTN-Just4u,"You have successfully purchased 1.56GB 7 day pack at GHc10. Dial *530# to check MTN at 30 points & get closer to rewards like Toyota Prado or up to GHC30,000 cash.",163
566,MTN-Just4u,You have successfully purchased 2.44GB 7 day pack at GHc15. Enjoy more value on bundles from MyMTN App! Visit https://mymtn.onelink.me/cB5t/MTN4G9 now.,151
567,T Cash,"Shop, pay and browse more! Enjoy FREE 150MB data reward when you make payment of GHs10 or more to any Merchant number. Dial *110# now and select option 4 to start transacting! T&C apply",185
568,T Cash,FREE 100 MB and 20 onnet mins for you. Dial *558# to register and *110# to activate your Telecel Cash account and enjoy.,120
569,T Cash,"Shop, pay and browse more! Enjoy FREE 150MB data reward when you make payment of GHs10 or more to any Merchant number. Dial *110# now and select option 4 to start transacting! T&C apply",185
570,T Cash,Seize the benefit! Choose to make payments through merchant numbers to unlock a special reward: 150MB on any transaction of GHs10 or more. Dial *110# and select option 4 to start now! T&C apply,193
571,T Cash,"Get 15 Free min to call all Telecel lines when you buy 1.43GB special data bundle worth Ghc4.5. Dial *110#, Select option 3 then Special offer to start.",152
572,T Cash,Enjoy Free 15 min to call Telecel lines when you buy airtime via Telecel Cash. Simply dial *110# and select option 3 to buy airtime.,132
573,T Cash,Send money to any Bank account with Telecel Cash. Simply Dial *110# Choose Option 1 then Option 3 to start.,107
574,T Cash,"Pay your DSTV, School Fees, Water bills etc using Telecel Cash. Dial *110# select 'Make Payments' and follow prompts to pay your bill",133
575,T Cash,BROWSE SAAAAA with 1.3GB data @ GHs 4.5 only on Telecel Cash. Dial *110# now and select 3 to enjoy.,99
576,T Cash,"Pay your DSTV, School Fees, Water bills etc using Telecel Cash. Dial *110# select 'Make Payments' and follow prompts to pay your bill",133
577,T Cash,"The Best Voice Offer Ever! Get 200 Minutes to call all networks for GHs 5, valid for 7 days. Dial *110# now and select options 3,3 to enjoy.",140
578,T Cash,"Great news! Make Payment to all merchant codes on all networks with Telecel Cash. Simply Dial *110#, Select Option 4 then Option 2 to start.",140
579,T Cash,BROWSE SAAAAA with 1.3GB data @ GHs 4.5 only on Telecel Cash. Dial *110# now and select 3 to enjoy.,99
580,T Cash,Pay your UG or KNUST fees with Telecel Cash. Dial *110# select Make Payments then select option 5 then Public Universities to start. Hassle-free!,145
581,T Cash,Pay your UG or KNUST fees with Telecel Cash. Dial *110# select Make Payments then select option 5 then Public Universities to start. Hassle-free!,145
582,T Cash,"Did you know you can unlock your Telecel Cash PIN without contacting the Call Centre or a Retail Shop? Just dial *110#, choose option 7 for Self Service, option 1 to Change/Reset/Unlock PIN; then option 3 to Unlock PIN. Remember, to keep your account secure, avoid using your date of birth, phone number, or simple sequences like '1234' as your PIN. Thank you",359
583,T Cash,Seize the benefit! Choose to make payments through merchant numbers to unlock a special reward: 150MB on any transaction of GHs10 or more. Dial *110# and select option 4 to start now! T&C apply,193
584,T Cash,"Watch out! Do not fall for anyone who pretends to offer you Telecel data at a cheaper price. Access Telecel data via *200#, *700#, #110#, *530#, *5959#, Telecel Play App - https://telecel.me/TelecelPlayApp and our online platforms.",231
585,T Cash,Seize the benefit! Choose to make payments through merchant numbers to unlock a special reward: 150MB on any transaction of GHs10 or more. Dial *110# and select option 4 to start now! T&C apply,193
586,T Cash,Free Data! Enjoy FREE 100MB data reward when you make payment of GHs100 or more to any Merchant number. Dial *110# now and select option 4 to start transacting! T&C apply,170
587,T Cash,"Join Bid2Win daily auctions and bid for phones at prices you want! Dial *110#, and choose options 4,3,4 and 1 to subscribe with Telecel Cash! Sendi k3k3!",153
588,T Cash,Get GHs 30K Life Insurance cover from MeBanbo by Hollard Life for just GHs50 per month on Telecel Cash. Dial *269# to start!,124
589,T Cash,Free Data! Enjoy FREE 100MB data reward when you make payment of GHs100 or more to any Merchant number. Dial *110# now and select option 4 to start transacting! T&C apply,170
590,T Cash,"Pay your DSTV, School Fees, Water bills etc using Telecel Cash. Dial *110# select 'Make Payment' and follow prompts to pay your bill.",133
591,T Cash,Free Data! Enjoy FREE 100MB data reward when you make payment of GHs100 or more to any Merchant number. Dial *110# now and select option 4 to start transacting! T&C apply,170
592,T Cash,"Send money to any Telecel Cash number with ease. Dial *110# and select Send Money then, Option 1 to start.",106
593,T Cash,"Let your loved ones abroad send money directly to your Telecel Cash wallet via Remitly, Thunes, Zeepay, PayPal and Transfast. No hassle!",136
594,T Cash,"Dear Customer, checking on your Telecel Cash registration details is easy. Just dial *110#, choose option 6 for my account, option 3 for account information and 1 for account details. If your details are incorrect, kindly dial *110#, choose option 6 for my account, option 3 for account information, 3 to update your next of Kin or 4 to update with your Ghana card. Thank you.",376
595,T Cash,#ConnectingEnergies!,20
596,T Cash,Free Data! Enjoy FREE 100MB data reward when you make payment of GHs100 or more to any Merchant number. Dial *110# now and select option 4 to start transacting! T&C apply,170
597,T Cash,"Dear Customer, checking on your Telecel Cash registration details is easy. Just dial *110#, choose option 6 for my account, option 3 for account information and 1 for account details. If your details are incorrect, kindly dial *110#, choose option 6 for my account, option 3 for account information, 3 to update your next of Kin or 4 to update with your Ghana card. Thank you.",376
598,T Cash,#ConnectingEnergies!,20
599,T Cash,"Let your loved ones abroad send money directly to your Telecel Cash wallet via Remitly, Thunes, Zeepay, PayPal and Transfast. No hassle!",136
600,T Cash,Request for a Telecel merchant sim anytime from anywhere! Click on https://telecel.me/MerchantReg or check Telecel Website for details,134
601,T Cash,Free Data! Enjoy FREE 100MB data reward when you make payment of GHs100 or more to any Merchant number. Dial *110# now and select option 4 to start transacting! T&C apply,170
602,T Cash,"Dear Customer, do you know you can reverse a wrong Telecel Cash transaction on TERi? You can also ask TERi for details about Telecel products and services. Start a chat via WhatsApp https://telecel.me/TERiWhatsApp or Telecel Play App https://telecel.me/TelecelPlayApp or Web https://telecel.me/TERiWeb. Yes, chat with TERi today! #LiveDigital! Sendi k3k3!",355
603,T Cash,Free Data! Enjoy FREE 100MB data reward when you make payment of GHs100 or more to any Merchant number. Dial *110# now and select option 4 to start transacting! T&C apply,170
604,T Cash,Free Data! Enjoy FREE 100MB data reward when you make payment of GHs100 or more to any Merchant number. Dial *110# now and select option 4 to start transacting! T&C apply,170
605,T Cash,"Dear Valued Customer, starting 1st April 2026, your first daily transfer between GHS 0.00-50.00 to other networks remains free. Thereafter, any additional transfers within the same amount range will cost GHS 0.30 each. Transfers from Telecel to another Telecel numbers remain completely free when you use the Telecel Play App. Ts & Cs apply. Thank you.",352
606,T Cash,Free Data! Enjoy FREE 100MB data reward when you make payment of GHs100 or more to any Merchant number. Dial *110# now and select option 4 to start transacting! T&C apply,170
607,T Cash,Free Data! Enjoy FREE 100MB data reward when you make payment of GHs100 or more to any Merchant number. Dial *110# now and select option 4 to start transacting! T&C apply,170
608,T Cash,"Make Payment to all merchants codes on all networks with Telecel Cash. Simply Dial *110#, Select Option 4 then Option 2 to start.",129
609,T Cash,"Make Payment to all merchants codes on all networks with Telecel Cash. Simply Dial *110#, Select Option 4 then Option 2 to start.",129
610,T Cash,Free Data! Enjoy FREE 100MB data reward when you make payment of GHs100 or more to any Merchant number. Dial *110# now and select option 4 to start transacting! T&C apply,170
611,T Cash,"Make Payment to all merchants codes on all networks with Telecel Cash. Simply Dial *110#, Select Option 4 then Option 2 to start.",129
612,T Cash,"Shop, pay and browse more! Enjoy FREE 150MB data reward when you make payment of GHs10 or more to any Merchant number. Dial *110# now and select option 4 to start transacting! T&C apply",185
613,T Cash,Claim 100MB FREE Data + 20 On-Net Minutes today! Dial *558# to register and *110# to activate your Telecel Cash account to claim your reward.,141
614,T Cash,Make Payment to merchants on all networks with Telecel cash. Dial *558# and follow prompts to join Telecel Cash for free.,121
615,T Cash,Free Data! Enjoy FREE 100MB data reward when you make payment of GHs100 or more to any Merchant number. Dial *110# now and select option 4 to start transacting! T&C apply,170
616,T Cash,Make Payment to merchants on all networks with Telecel cash. Dial *558# and follow prompts to join Telecel Cash for free.,121
617,T Cash,Claim 100MB FREE Data + 20 On-Net Minutes today! Dial *558# to register and *110# to activate your Telecel Cash account to claim your reward.,141
618,T Cash,"Shop, pay and browse more! Enjoy FREE 150MB data reward when you make payment of GHs10 or more to any Merchant number. Dial *110# now and select option 4 to start transacting! T&C apply",185
619,T Cash,FREE 100 MB and 20 onnet mins for you. Dial *558# to register and *110# to activate your Telecel Cash account and enjoy.,120
620,T Cash,SPECIAL OFFER! Talk all week with 203 mins for GHs 5 only on Telecel Cash. Dial *558# and follow prompts to join Telecel Cash for free.,135
621,T Cash,"Get Free 100MB data when you buy 200mins special voice package worth Ghc5. Dial *110#, Select option 3 then Special offer to start.",131
622,T Cash,Free Data! Enjoy FREE 100MB data reward when you make payment of GHs100 or more to any Merchant number. Dial *110# now and select option 4 to start transacting! T&C apply,170
623,T Cash,SPECIAL OFFER! Talk all week with 203 mins for GHs 5 only on Telecel Cash. Dial *558# and follow prompts to join Telecel Cash for free.,135
624,T Cash,FREE 100 MB and 20 onnet mins for you. Dial *558# to register and *110# to activate your Telecel Cash account and enjoy.,120
625,T Cash,"Get Free 100MB data when you buy 200mins special voice package worth Ghc5. Dial *110#, Select option 3 then Special offer to start.",131
626,T Cash,"Shop, pay and browse more! Enjoy FREE 150MB data reward when you make payment of GHs10 or more to any Merchant number. Dial *110# now and select option 4 to start transacting! T&C apply",185
627,T Cash,Activate Telecel Cash account for free and enjoy Free 100MB and 20 mins. Dial *558# to register and *110# to activate your Telecel Cash account.,144
628,T Cash,Free Data! Enjoy FREE 100MB data reward when you make payment of GHs250 or more to any Merchant number. Dial *110# now and select option 4 to start transacting! T&C apply,170
629,T Cash,Activate Telecel Cash account for free and enjoy Free 100MB and 20 mins. Dial *558# to register and *110# to activate your Telecel Cash account.,144
630,T Cash,"Shop, pay and browse more! Enjoy FREE 150MB data reward when you make payment of GHs10 or more to any Merchant number. Dial *110# now and select option 4 to start transacting! T&C apply",185
631,T Cash,Get 100 MB and 20 onnet mins for FREE! Dial *558# to register and *110# to activate your Telecel Cash account and get your reward.,130
632,T Cash,Did you know it's Free to join Telecel cash? Simply Dial *558# and follow prompts to join Telecel Cash for Free.,112
633,T Cash,Free Data! Enjoy FREE 100MB data reward when you make payment of GHs250 or more to any Merchant number. Dial *110# now and select option 4 to start transacting! T&C apply,170
634,T Cash,Did you know it's Free to join Telecel cash? Simply Dial *558# and follow prompts to join Telecel Cash for Free.,112
635,T Cash,Get 100 MB and 20 onnet mins for FREE! Dial *558# to register and *110# to activate your Telecel Cash account and get your reward.,130
636,T Cash,"Shop, pay and browse more! Enjoy FREE 150MB data reward when you make payment of GHs10 or more to any Merchant number. Dial *110# now and select option 4 to start transacting! T&C apply",185
637,T Cash,Enjoy Free 100 MB and 20 onnet mins on Telecel Cash. Dial *558# to register and *110# to activate your Telecel Cash account and enjoy.,134
638,T Cash,Free Data! Enjoy FREE 100MB data reward when you make payment of GHs250 or more to any Merchant number. Dial *110# now and select option 4 to start transacting! T&C apply,170
639,T Cash,Send money to any Bank account with Telecel Cash. Simply Dial *110# Choose Option 1 then Option 3 to start.,107
640,T Cash,Enjoy Free 100 MB and 20 onnet mins on Telecel Cash. Dial *558# to register and *110# to activate your Telecel Cash account and enjoy.,134
641,T Cash,Send money to any Bank account with Telecel Cash. Simply Dial *110# Choose Option 1 then Option 3 to start.,107
642,T Cash,Claim 100MB FREE Data + 20 On-Net Minutes today! Dial *558# to register and *110# to activate your Telecel Cash account to claim your reward.,141
643,T Cash,Make Payment to merchants on all networks with Telecel cash. Dial *558# and follow prompts to join Telecel Cash for free.,121
644,T Cash,Free Data! Enjoy FREE 100MB data reward when you make payment of GHs250 or more to any Merchant number. Dial *110# now and select option 4 to start transacting! T&C apply,170
645,T Cash,"Get Free 100MB data when you buy 200mins special voice package worth Ghc5. Dial *110#, Select option 3 then Special offer to start.",131
646,T Cash,"Have you tried our Telecel Cash Special Bundle? Get 1.45GB for only GHs4.50. Dial *110# then select options 3,3 to enjoy this bundle.",133
647,T Cash,"Get Free 100MB data when you buy 200mins special voice package worth Ghc5. Dial *110#, Select option 3 then Special offer to start.",131
648,T Cash,"Have you tried our Telecel Cash Special Bundle? Get 1.45GB for only GHs4.50. Dial *110# then select options 3,3 to enjoy this bundle.",133
649,T Cash,Enjoy free 15 onnet mins for airtime purchases via Telecel Cash today. Simply dial *110# and select option 3 to buy airtime.,124
650,T Cash,"Have you tried our Telecel Cash Special Bundle? Get 1.45GB for only GHs4.50. Dial *110# then select options 3,3 to enjoy this bundle.",133
651,T Cash,Free Data! Enjoy FREE 100MB data reward when you make payment of GHs250 or more to any Merchant number. Dial *110# now and select option 4 to start transacting! T&C apply,170
652,T Cash,Enjoy free 15 onnet mins for airtime purchases via Telecel Cash today. Simply dial *110# and select option 3 to buy airtime.,124
653,T Cash,Enjoy free 15 onnet mins for airtime purchases via Telecel Cash today. Simply dial *110# and select option 3 to buy airtime.,124
654,T Cash,Enjoy Free 15 min to call Telecel lines when you buy airtime via Telecel Cash. Simply dial *110# and select option 3 to buy airtime.,132
655,T Cash,"Get 15 Free min to call all Telecel lines when you buy 1.43GB special data bundle worth Ghc4.5. Dial *110#, Select option 3 then Special offer to start.",152
656,T Cash,Free Data! Enjoy FREE 100MB data reward when you make payment of GHs250 or more to any Merchant number. Dial *110# now and select option 4 to start transacting! T&C apply,170
657,T Cash,"Get 15 Free min to call all Telecel lines when you buy 1.43GB special data bundle worth Ghc4.5. Dial *110#, Select option 3 then Special offer to start.",152
658,T Cash,Enjoy Free 15 min to call Telecel lines when you buy airtime via Telecel Cash. Simply dial *110# and select option 3 to buy airtime.,132
659,T Cash,"Receive money anytime, anywhere directly into your Telecel Cash wallet. It's fast, safe, and reliable. Dial *110# or use the Telecel Play App to check your balance instantly.",174
660,T Cash,"Get 15 Free min to call all Telecel lines when you buy 1.43GB special data bundle worth Ghc4.5. Dial *110#, Select option 3 then Special offer to start.",152
661,T Cash,Enjoy Free 15 min to call Telecel lines when you buy airtime via Telecel Cash. Simply dial *110# and select option 3 to buy airtime.,132
662,T Cash,"Shop smarter with Telecel Cash! Safe, reliable, and secure payments every time.",79
663,T Cash,Dial *110# or download the Telecel Play App for a smarter experience.,69
664,T Cash,Send money to any Bank account with Telecel Cash. Simply Dial *110# Choose Option 1 then Option 3 to start.,107
665,T Cash,"Great news! Make Payment to all merchant codes on all networks with Telecel Cash. Simply Dial *110#, Select Option 4 then Option 2 to start.",140
666,T Cash,"The Best Voice Offer Ever! Get 200 Minutes to call all networks for GHs 5, valid for 7 days. Dial *110# now and select options 3,3 to enjoy.",140
667,T Cash,Free Data! Enjoy FREE 100MB data reward when you make payment of GHs250 or more to any Merchant number. Dial *110# now and select option 4 to start transacting! T&C apply,170
668,T Cash,"Great news! Make Payment to all merchant codes on all networks with Telecel Cash. Simply Dial *110#, Select Option 4 then Option 2 to start.",140
669,T Cash,"The Best Voice Offer Ever! Get 200 Minutes to call all networks for GHs 5, valid for 7 days. Dial *110# now and select options 3,3 to enjoy.",140
670,T Cash,"Have you tried our Telecel Cash Special Bundle? Get 1.43GB for only GHs4.50. Dial *110# then select options 3,3 to enjoy this bundle.",133
671,T Cash,"Great news! Make Payment to all merchant codes on all networks with Telecel Cash. Simply Dial *110#, Select Option 4 then Option 2 to start.",140
672,T Cash,"Skip the cash-out hassle! Send money instantly with T Cash. It's safe, fast, and secure. Dial 110# or use the Telecel Play App: https://telecel.me/TelecelPlayApp",161
673,T Cash,Free Data! Enjoy FREE 100MB data reward when you make payment of GHs250 or more to any Merchant number. Dial *110# now and select option 4 to start transacting! T&C apply,170
674,T Cash,"Need extra cash but worried about the rains? Get a loan with Telecel Cash today. Simply dial *110#, select Option 5 then Option 2 to apply now. Ts&Cs apply",155
675,T Cash,Skip the cash-out hassle! You can now send money instantly to T-Cash and other networks. Its fast and secure. Dial *110# or use the Telecel Play App: https://telecel.me/TelecelPlayApp,183
676,T Cash,"Get Free 100MB data when you buy 200mins special voice package worth Ghc5. Dial *110#, Select option 3 then Special offer to start.",131
677,T Cash,Congrats you have been rewarded 100 MB data valid till midnight,63
678,T Cash,Free Data! Enjoy FREE 100MB data reward when you make payment of GHs250 or more to any Merchant number. Dial *110# now and select option 4 to start transacting! T&C apply,170
679,T Cash,Free Data! Enjoy FREE 100MB data reward when you make payment of GHs250 or more to any Merchant number. Dial *110# now and select option 4 to start transacting! T&C apply,170
680,T Cash,FREE 100 MB and 20 onnet mins for you. Dial *558# to register and *110# to activate your Telecel Cash account and enjoy.,120
681,T Cash,"Ready Loan! Need quick cash? Borrow up to 100 GHS from Telecel Cash for your urgent needs. Dial 110#, choose option 5, then option 2 to apply. T&C apply.",153
682,T Cash,Activate Telecel Cash account for free and enjoy Free 100MB and 20 mins. Dial *558# to register and *110# to activate your Telecel Cash account.,144
683,T Cash,Free Data! Enjoy FREE 100MB data reward when you make payment of GHs250 or more to any Merchant number. Dial *110# now and select option 4 to start transacting! T&C apply,170
684,T Cash,Activate Telecel Cash account for free and enjoy Free 100MB and 20 mins. Dial *558# to register and *110# to activate your Telecel Cash account.,144
685,T Cash,"Get 203 Minutes to call all networks for GHs 5, valid for 7 days. Dial *110# now and select options 3,3 to enjoy.",113
686,T Cash,Free Data! Enjoy FREE 100MB data reward when you make payment of GHs250 or more to any Merchant number. Dial *110# now and select option 4 to start transacting! T&C apply,170
687,T Cash,Get 100 MB and 20 onnet mins for FREE! Dial *558# to register and *110# to activate your Telecel Cash account and get your reward.,130
688,T Cash,"Get 203 Minutes to call all networks for GHs 5, valid for 7 days. Dial *110# now and select options 3,3 to enjoy.",113
689,T Cash,Enjoy free 15 onnet mins for airtime purchases via Telecel Cash today. Simply dial *110# and select option 3 to buy airtime.,124
690,T Cash,Free Data! Enjoy FREE 100MB data reward when you make payment of GHs250 or more to any Merchant number. Dial *110# now and select option 4 to start transacting! T&C apply,170
691,T Cash,"Get 203 Minutes to call all networks for GHs 5, valid for 7 days. Dial *110# now and select options 3,3 to enjoy.",113
692,T Cash,Free Data! Enjoy FREE 100MB data reward when you make payment of GHs250 or more to any Merchant number. Dial *110# now and select option 4 to start transacting! T&C apply,170
693,EVD,"Y'ello, you have received 5.00 GHC from [REDACTED]/[REDACTED]. A/c balance is 5.00 GHC. Transaction ID: [REDACTED]. Dial *170*311# to Buy airtime from your Momo wallet and enjoy 100% bonus.",189
694,EVD,"Y'ello, you have received 10.00 GHC from [REDACTED]/[REDACTED]. A/c balance is 4.63 GHC. Transaction ID: [REDACTED]. Dial *170*311# to Buy airtime from your Momo wallet and enjoy 100% bonus.",190
695,EVD,"Y'ello, you have received 10.00 GHC from [REDACTED]/Ghanamart. A/c balance is 10.13 GHC. Transaction ID: [REDACTED]. Dial *170*311# to Buy airtime from your Momo wallet and enjoy 100% bonus.",190
696,EVD,"Y'ello, you have received 5.00 GHC from [REDACTED]/Ghanamart. A/c balance is 6.43 GHC. Transaction ID: [REDACTED]. Dial *170*311# to Buy airtime from your Momo wallet and enjoy 100% bonus.",188
697,EVD,"Y'ello, you have received 2.00 GHC from [REDACTED]/Ghanamart. A/c balance is 4.43 GHC. Transaction ID: [REDACTED]. Dial *170*311# to Buy airtime from your Momo wallet and enjoy 100% bonus.",188
698,EVD,"Y'ello, you have received 10.00 GHC from [REDACTED]/[REDACTED]. A/c balance is 10.43 GHC. Transaction ID: [REDACTED]. Dial *170*311# to Buy airtime from your Momo wallet and enjoy 100% bonus.",191
699,EVD,"Y'ello, you have received 10.00 GHC from [REDACTED]/Ghanamart. A/c balance is 10.43 GHC. Transaction ID: [REDACTED]. Dial *170*311# to Buy airtime from your Momo wallet and enjoy 100% bonus.",190
700,EVD,"Y'ello, you have received 10.00 GHC from [REDACTED]/[REDACTED]. A/c balance is 10.43 GHC. Transaction ID: [REDACTED]. Dial *170*311# to Buy airtime from your Momo wallet and enjoy 100% bonus.",191
701,EVD,"Y'ello, you have received 2.00 GHC from [REDACTED]/Ghanamart. A/c balance is 4.43 GHC. Transaction ID: [REDACTED]. Dial *170*311# to Buy airtime from your Momo wallet and enjoy 100% bonus.",188
702,EVD,"Y'ello, you have received 10.00 GHC from [REDACTED]/Ghanamart. A/c balance is 10.43 GHC. Transaction ID: [REDACTED]. Dial *170*311# to Buy airtime from your Momo wallet and enjoy 100% bonus.",190
703,EVD,"Y'ello, you have received 10.00 GHC from [REDACTED]/[REDACTED]. A/c balance is 11.43 GHC. Transaction ID: [REDACTED]. Dial *170*311# to Buy airtime from your Momo wallet and enjoy 100% bonus.",191
704,EVD,"Y'ello, you have received 10.00 GHC from [REDACTED]/[REDACTED]. A/c balance is 10.43 GHC. Transaction ID: [REDACTED]. Dial *170*311# to Buy airtime from your Momo wallet and enjoy 100% bonus.",191
705,EVD,"Y'ello, you have received 10.00 GHC from [REDACTED]/Ghanamart. A/c balance is 12.43 GHC. Transaction ID: [REDACTED]. Dial *170*311# to Buy airtime from your Momo wallet and enjoy 100% bonus.",190
706,EVD,"Y'ello, you have received 10.00 GHC from [REDACTED]/[REDACTED]. A/c balance is 10.43 GHC. Transaction ID: [REDACTED]. Dial *170*311# to Buy airtime from your Momo wallet and enjoy 100% bonus.",191
707,EVD,"Y'ello, you have received 10.00 GHC from [REDACTED]/[REDACTED]. A/c balance is 12.43 GHC. Transaction ID: [REDACTED]. Dial *170*311# to Buy airtime from your Momo wallet and enjoy 100% bonus.",191
708,EVD,"Y'ello, you have received 10.00 GHC from [REDACTED]/Ghanamart. A/c balance is 10.22 GHC. Transaction ID: [REDACTED]. Dial *170*311# to Buy airtime from your Momo wallet and enjoy 100% bonus.",190
709,EVD,"Y'ello, you have received 25.00 GHC from [REDACTED]/[REDACTED]. A/c balance is 10.02 GHC. Transaction ID: [REDACTED]. Dial *170*311# to Buy airtime from your Momo wallet and enjoy 100% bonus.",191
710,EVD,"Y'ello, you have received 7.00 GHC from [REDACTED]/Ghanamart. A/c balance is 10.02 GHC. Transaction ID: [REDACTED]. Dial *170*311# to Buy airtime from your Momo wallet and enjoy 100% bonus.",189
711,EVD,"Y'ello, you have received 4.00 GHC from [REDACTED]/Ghanamart. A/c balance is 10.02 GHC. Transaction ID: [REDACTED]. Dial *170*311# to Buy airtime from your Momo wallet and enjoy 100% bonus.",189
712,EVD,"Y'ello, you have received 4.00 GHC from [REDACTED]/[REDACTED]. A/c balance is 4.02 GHC. Transaction ID: [REDACTED]. Dial *170*311# to Buy airtime from your Momo wallet and enjoy 100% bonus.",189
713,EVD,"Y'ello, you have received 4.00 GHC from [REDACTED]/[REDACTED]. A/c balance is 4.02 GHC. Transaction ID: [REDACTED]. Dial *170*311# to Buy airtime from your Momo wallet and enjoy 100% bonus.",189
714,EVD,"Y'ello, you have received 4.00 GHC from [REDACTED]/[REDACTED]. A/c balance is 4.02 GHC. Transaction ID: [REDACTED]. Dial *170*311# to Buy airtime from your Momo wallet and enjoy 100% bonus.",189
715,EVD,"Y'ello, you have received 17.00 GHC from [REDACTED]/[REDACTED]. A/c balance is 0.52 GHC. Transaction ID: [REDACTED]. Dial *170*311# to Buy airtime from your Momo wallet and enjoy 100% bonus.",190
716,EVD,"Y'ello, you have received 4.00 GHC from [REDACTED]/[REDACTED]. A/c balance is 4.52 GHC. Transaction ID: [REDACTED]. Dial *170*311# to Buy airtime from your Momo wallet and enjoy 100% bonus.",189
717,EVD,"Y'ello, you have received 4.00 GHC from [REDACTED]/[REDACTED]. A/c balance is 4.02 GHC. Transaction ID: [REDACTED]. Dial *170*311# to Buy airtime from your Momo wallet and enjoy 100% bonus.",189
718,EVD,"Y'ello, you have received 10.00 GHC from [REDACTED]/[REDACTED]. A/c balance is 10.02 GHC. Transaction ID: [REDACTED]. Dial *170*311# to Buy airtime from your Momo wallet and enjoy 100% bonus.",191
719,EVD,"Y'ello, you have received 10.00 GHC from [REDACTED]/[REDACTED]. A/c balance is 12.02 GHC. Transaction ID: [REDACTED]. Dial *170*311# to Buy airtime from your Momo wallet and enjoy 100% bonus.",191
720,EVD,"Y'ello, you have received 12.00 GHC from [REDACTED]/[REDACTED]. A/c balance is 12.02 GHC. Transaction ID: [REDACTED]. Dial *170*311# to Buy airtime from your Momo wallet and enjoy 100% bonus.",191
721,EVD,"Y'ello, you have received 12.00 GHC from [REDACTED]/[REDACTED]. A/c balance is 12.02 GHC. Transaction ID: [REDACTED]. Dial *170*311# to Buy airtime from your Momo wallet and enjoy 100% bonus.",191
722,EVD,"Y'ello, you have received 12.00 GHC from [REDACTED]/[REDACTED]. A/c balance is 12.02 GHC. Transaction ID: [REDACTED]. Dial *170*311# to Buy airtime from your Momo wallet and enjoy 100% bonus.",191
723,EVD,"Y'ello, you have received 12.00 GHC from [REDACTED]/[REDACTED]. A/c balance is 12.02 GHC. Transaction ID: [REDACTED]. Dial *170*311# to Buy airtime from your Momo wallet and enjoy 100% bonus.",191
724,EVD,"Y'ello, you have received 9.00 GHC from [REDACTED]/[REDACTED]. A/c balance is 12.32 GHC. Transaction ID: [REDACTED]. Dial *170*311# to Buy airtime from your Momo wallet and enjoy 100% bonus.",190
725,EVD,"Y'ello, you have received 12.00 GHC from [REDACTED]/[REDACTED]. A/c balance is 12.32 GHC. Transaction ID: [REDACTED]. Dial *170*311# to Buy airtime from your Momo wallet and enjoy 100% bonus.",191
726,EVD,"Y'ello, you have received 12.00 GHC from [REDACTED]/[REDACTED]. A/c balance is 12.00 GHC. Transaction ID: [REDACTED]. Dial *170*311# to Buy airtime from your Momo wallet and enjoy 100% bonus.",191
727,EVD,"Y'ello, you have received 6.00 GHC from [REDACTED]/[REDACTED]. A/c balance is 9.00 GHC. Transaction ID: [REDACTED]. Dial *170*311# to Buy airtime from your Momo wallet and enjoy 100% bonus.",189
728,EVD,"Y'ello, you have received 10.00 GHC from [REDACTED]/[REDACTED]. A/c balance is 10.00 GHC. Transaction ID: [REDACTED]. Dial *170*311# to Buy airtime from your Momo wallet and enjoy 100% bonus.",191
729,EVD,"Y'ello, you have received 8.00 GHC from [REDACTED]/[REDACTED]. A/c balance is 9.00 GHC. Transaction ID: [REDACTED]. Dial *170*311# to Buy airtime from your Momo wallet and enjoy 100% bonus.",189
730,EVD,"Y'ello, you have received 1.00 GHC from [REDACTED]/[REDACTED]. A/c balance is 10.00 GHC. Transaction ID: [REDACTED]. Dial *170*311# to Buy airtime from your Momo wallet and enjoy 100% bonus.",190
731,EVD,"Y'ello, you have received 12.00 GHC from [REDACTED]/[REDACTED]. A/c balance is 12.20 GHC. Transaction ID: [REDACTED]. Dial *170*311# to Buy airtime from your Momo wallet and enjoy 100% bonus.",191
732,EVD,"Y'ello, you have received 12.00 GHC from [REDACTED]/[REDACTED]. A/c balance is 12.20 GHC. Transaction ID: [REDACTED]. Dial *170*311# to Buy airtime from your Momo wallet and enjoy 100% bonus.",191
733,EVD,"Y'ello, you have received 12.00 GHC from [REDACTED]/[REDACTED]. A/c balance is 12.20 GHC. Transaction ID: [REDACTED]. Dial *170*311# to Buy airtime from your Momo wallet and enjoy 100% bonus.",191
734,EVD,"Y'ello, you have received 12.00 GHC from [REDACTED]/[REDACTED]. A/c balance is 12.20 GHC. Transaction ID: [REDACTED]. Dial *170*311# to Buy airtime from your Momo wallet and enjoy 100% bonus.",191
735,EVD,"Y'ello, you have received 12.00 GHC from [REDACTED]/[REDACTED]. A/c balance is 12.20 GHC. Transaction ID: [REDACTED]. Dial *170*311# to Buy airtime from your Momo wallet and enjoy 100% bonus.",191
736,EVD,"Y'ello, you have received 13.00 GHC from [REDACTED]/[REDACTED]. A/c balance is 15.20 GHC. Transaction ID: [REDACTED]. Dial *170*311# to Buy airtime from your Momo wallet and enjoy 100% bonus.",191
737,EVD,"Y'ello, you have received 13.00 GHC from [REDACTED]/[REDACTED]. A/c balance is 16.20 GHC. Transaction ID: [REDACTED]. Dial *170*311# to Buy airtime from your Momo wallet and enjoy 100% bonus.",191
738,EVD,"Y'ello, you have received 13.00 GHC from [REDACTED]/[REDACTED]. A/c balance is 17.20 GHC. Transaction ID: [REDACTED]. Dial *170*311# to Buy airtime from your Momo wallet and enjoy 100% bonus.",191
739,EVD,"Y'ello, you have received 13.00 GHC from [REDACTED]/[REDACTED]. A/c balance is 13.20 GHC. Transaction ID: [REDACTED]. Dial *170*311# to Buy airtime from your Momo wallet and enjoy 100% bonus.",191
740,EVD,"Y'ello, you have received 13.00 GHC from [REDACTED]/[REDACTED]. A/c balance is 14.20 GHC. Transaction ID: [REDACTED]. Dial *170*311# to Buy airtime from your Momo wallet and enjoy 100% bonus.",191
741,EVD,"Y'ello, you have received 13.00 GHC from [REDACTED]/[REDACTED]. A/c balance is 15.20 GHC. Transaction ID: [REDACTED]. Dial *170*311# to Buy airtime from your Momo wallet and enjoy 100% bonus.",191
742,EVD,"Y'ello, you have received 10.00 GHC from [REDACTED]/[REDACTED]. A/c balance is 13.20 GHC. Transaction ID: [REDACTED]. Dial *170*311# to Buy airtime from your Momo wallet and enjoy 100% bonus.",191
743,EVD,"Y'ello, you have received 12.00 GHC from [REDACTED]/[REDACTED]. A/c balance is 13.16 GHC. Transaction ID: [REDACTED]. Dial *170*311# to Buy airtime from your Momo wallet and enjoy 100% bonus.",191
744,EVD,"Y'ello, you have received 12.00 GHC from [REDACTED]/[REDACTED]. A/c balance is 13.16 GHC. Transaction ID: [REDACTED]. Dial *170*311# to Buy airtime from your Momo wallet and enjoy 100% bonus.",191
745,EVD,"Y'ello, you have received 12.00 GHC from [REDACTED]/[REDACTED]. A/c balance is 13.16 GHC. Transaction ID: [REDACTED]. Dial *170*311# to Buy airtime from your Momo wallet and enjoy 100% bonus.",191
746,EVD,"Y'ello, you have received 12.00 GHC from [REDACTED]/[REDACTED]. A/c balance is 13.16 GHC. Transaction ID: [REDACTED]. Dial *170*311# to Buy airtime from your Momo wallet and enjoy 100% bonus.",191
747,EVD,"Y'ello, you have received 12.00 GHC from [REDACTED]/[REDACTED]. A/c balance is 13.16 GHC. Transaction ID: [REDACTED]. Dial *170*311# to Buy airtime from your Momo wallet and enjoy 100% bonus.",191
748,EVD,"Y'ello, you have received 12.00 GHC from [REDACTED]/[REDACTED]. A/c balance is 13.16 GHC. Transaction ID: [REDACTED]. Dial *170*311# to Buy airtime from your Momo wallet and enjoy 100% bonus.",191
749,EVD,"Y'ello, you have received 12.00 GHC from [REDACTED]/[REDACTED]. A/c balance is 13.16 GHC. Transaction ID: [REDACTED]. Dial *170*311# to Buy airtime from your Momo wallet and enjoy 100% bonus.",191
750,EVD,"Y'ello, you have received 12.00 GHC from [REDACTED]/[REDACTED]. A/c balance is 13.16 GHC. Transaction ID: [REDACTED]. Dial *170*311# to Buy airtime from your Momo wallet and enjoy 100% bonus.",191
751,EVD,"Y'ello, you have received 12.00 GHC from [REDACTED]/[REDACTED]. A/c balance is 13.16 GHC. Transaction ID: [REDACTED]. Dial *170*311# to Buy airtime from your Momo wallet and enjoy 100% bonus.",191
752,EVD,"Y'ello, you have received 11.00 GHC from [REDACTED]/[REDACTED]. A/c balance is 12.16 GHC. Transaction ID: [REDACTED]. Dial *170*311# to Buy airtime from your Momo wallet and enjoy 100% bonus.",191
753,EVD,"Y'ello, you have received 12.00 GHC from [REDACTED]/[REDACTED]. A/c balance is 12.16 GHC. Transaction ID: [REDACTED]. Dial *170*311# to Buy airtime from your Momo wallet and enjoy 100% bonus.",191
754,EVD,"Y'ello, you have received 13.00 GHC from [REDACTED]/[REDACTED]. A/c balance is 13.03 GHC. Transaction ID: [REDACTED]. Dial *170*311# to Buy airtime from your Momo wallet and enjoy 100% bonus.",191
755,EVD,"Y'ello, you have received 13.00 GHC from [REDACTED]/[REDACTED]. A/c balance is 14.03 GHC. Transaction ID: [REDACTED]. Dial *170*311# to Buy airtime from your Momo wallet and enjoy 100% bonus.",191
756,EVD,"Y'ello, you have received 12.00 GHC from [REDACTED]/[REDACTED]. A/c balance is 14.03 GHC. Transaction ID: [REDACTED]. Dial *170*311# to Buy airtime from your Momo wallet and enjoy 100% bonus.",191
757,EVD,"Y'ello, you have received 12.00 GHC from [REDACTED]/[REDACTED]. A/c balance is 14.03 GHC. Transaction ID: [REDACTED]. Dial *170*311# to Buy airtime from your Momo wallet and enjoy 100% bonus.",191
758,EVD,"Y'ello, you have received 12.00 GHC from [REDACTED]/[REDACTED]. A/c balance is 14.03 GHC. Transaction ID: [REDACTED]. Dial *170*311# to Buy airtime from your Momo wallet and enjoy 100% bonus.",191
759,EVD,"Y'ello, you have received 10.00 GHC from [REDACTED]/[REDACTED]. A/c balance is 12.03 GHC. Transaction ID: [REDACTED]. Dial *170*311# to Buy airtime from your Momo wallet and enjoy 100% bonus.",191
760,EVD,"Y'ello, you have received 11.00 GHC from [REDACTED]/[REDACTED]. A/c balance is 12.53 GHC. Transaction ID: [REDACTED]. Dial *170*311# to Buy airtime from your Momo wallet and enjoy 100% bonus.",191
761,EVD,"Y'ello, you have received 20.00 GHC from [REDACTED]/[REDACTED]. A/c balance is 21.60 GHC. Transaction ID: [REDACTED]. Dial *170*311# to Buy airtime from your Momo wallet and enjoy 100% bonus.",191
762,EVD,"Y'ello, you have received 5.00 GHC from [REDACTED]/[REDACTED]. A/c balance is 5.00 GHC. Transaction ID: [REDACTED]. Dial *170*311# to Buy airtime from your Momo wallet and enjoy 100% bonus.",189
